parent,relation,child
1,perspective_on,800
1,inheritance,351
10,causative_of,825
1005,inheritance,52
1006,perspective_on,1007
1006,perspective_on,56
1007,inheritance,53
1008,inheritance,102
1008,causative_of,62
101,subframe,98
101,subframe,539
1010,inheritance,1009
102,using,563
102,using,404
102,inheritance,199
102,using,1126
102,using,790
102,using,116
102,causative_of,1490
1027,using,85
1027,inheritance,1028
1028,using,1076
103,inheritance,348
103,using,498
103,using,809
104,using,1258
105,precedes,638
105,inheritance,837
105,inheritance,80
105,inheritance,946
105,inheritance,1436
1052,using,1059
1054,perspective_on,1052
1054,perspective_on,1053
1059,inheritance,1064
106,using,409
106,using,69
1061,using,4
107,inheritance,185
107,inheritance,186
107,inheritance,576
107,inheritance,578
107,inheritance,581
107,inheritance,582
107,using,79
107,using,970
107,using,1130
107,inheritance,1163
107,using,1123
107,inheritance,401
1078,subframe,1079
1079,inheritance,1052
1079,inheritance,1054
1083,inheritance,1067
1083,see_also,1067
109,subframe,110
109,subframe,118
109,subframe,119
109,precedes,181
1100,inheritance,1101
1107,precedes,221
1108,subframe,221
1108,subframe,1107
1108,subframe,289
113,inheritance,212
113,subframe,149
113,subframe,148
113,subframe,153
113,subframe,154
113,subframe,151
113,subframe,150
113,subframe,152
113,subframe,164
113,subframe,163
113,subframe,134
113,subframe,557
1142,using,1143
1142,causative_of,1143
1144,inheritance,1145
1159,perspective_on,1160
1159,perspective_on,1161
1166,causative_of,1169
117,using,838
117,inheritance,1135
1175,inheritance,1178
1176,inheritance,1269
1176,inheritance,1276
1176,inheritance,1272
1176,inheritance,215
1176,inheritance,1258
118,precedes,119
1180,inheritance,254
1180,inheritance,971
1180,see_also,254
1183,using,1182
1191,see_also,443
1191,see_also,146
1191,see_also,343
1194,perspective_on,1196
1194,perspective_on,1195
1194,inheritance,1198
1198,perspective_on,635
1198,perspective_on,636
12,using,251
12,inheritance,238
12,using,842
12,inheritance,843
1203,perspective_on,237
1203,perspective_on,70
1206,inchoative_of,668
1208,inheritance,1189
1208,inheritance,1194
1208,perspective_on,867
121,using,16
121,using,513
121,using,327
121,inheritance,952
121,inheritance,993
121,perspective_on,543
122,inheritance,134
122,inchoative_of,133
122,precedes,133
122,inheritance,1206
1224,precedes,1225
1224,subframe,1266
1224,subframe,1268
1229,perspective_on,1365
1229,perspective_on,1366
1236,precedes,1221
1268,precedes,1266
127,inheritance,156
127,inheritance,162
127,inheritance,619
127,inheritance,667
127,inheritance,676
127,precedes,580
127,using,983
127,using,1149
127,inheritance,1160
1275,using,431
128,inheritance,489
128,inheritance,131
128,using,554
128,inheritance,302
128,inheritance,299
128,inheritance,303
128,inheritance,499
128,using,683
128,inheritance,1021
128,inheritance,174
128,inheritance,1029
130,inheritance,128
131,using,654
132,precedes,139
132,precedes,794
132,inheritance,150
133,inheritance,239
133,inheritance,148
133,precedes,208
133,precedes,132
133,precedes,795
1337,inchoative_of,586
134,precedes,148
136,inheritance,557
136,precedes,133
1368,inheritance,842
1368,inheritance,887
1368,inheritance,973
1368,subframe,1399
1368,subframe,1369
1369,perspective_on,105
1369,perspective_on,946
1369,precedes,1399
1370,inheritance,349
1370,inheritance,840
138,inheritance,153
138,precedes,122
1380,perspective_on,366
1380,perspective_on,1372
1382,subframe,168
1382,subframe,1385
1382,subframe,1384
1385,precedes,168
1389,perspective_on,513
1389,perspective_on,1388
139,using,152
139,precedes,136
139,inheritance,163
1394,see_also,955
1394,see_also,1194
1395,inheritance,1396
1395,inheritance,1097
1395,using,1392
1395,inheritance,422
1395,using,1201
1397,using,615
1397,inheritance,1133
1397,see_also,1390
1399,perspective_on,638
1399,perspective_on,639
1399,perspective_on,422
1399,using,125
1399,perspective_on,608
1400,inheritance,469
1400,inheritance,280
1400,inheritance,906
1400,inheritance,641
1400,inheritance,1061
1401,see_also,122
1401,see_also,1402
1402,inheritance,936
1402,see_also,567
1402,inheritance,567
1402,inheritance,1401
1402,inheritance,1435
1403,perspective_on,782
1403,perspective_on,81
1403,inheritance,1126
1435,inheritance,1400
1438,perspective_on,140
1438,perspective_on,1193
1438,perspective_on,1190
148,using,251
148,using,685
148,precedes,151
148,precedes,149
148,precedes,150
148,inheritance,1163
149,precedes,164
149,inheritance,964
150,inheritance,509
150,precedes,152
150,precedes,163
151,precedes,163
153,precedes,134
153,using,1090
153,inheritance,1151
154,precedes,153
154,perspective_on,865
160,inheritance,189
160,inheritance,187
160,precedes,582
160,perspective_on,380
160,perspective_on,127
161,inheritance,188
161,inheritance,380
161,inheritance,657
161,inheritance,379
161,precedes,578
161,inheritance,155
161,inheritance,111
161,inchoative_of,107
163,precedes,557
170,inheritance,860
170,see_also,1075
177,causative_of,280
177,using,388
178,inheritance,198
178,inheritance,207
178,using,241
178,inheritance,249
178,inheritance,255
178,inheritance,356
178,using,275
178,inheritance,324
178,inheritance,58
178,inheritance,60
178,inheritance,149
178,inheritance,484
178,inheritance,519
178,inheritance,296
178,inheritance,297
178,inheritance,530
178,using,407
178,inheritance,565
178,inheritance,568
178,using,675
178,inheritance,678
178,inheritance,677
178,inheritance,450
178,using,418
178,inheritance,387
178,inheritance,457
178,inheritance,110
178,inheritance,360
178,using,360
178,inheritance,358
178,inheritance,344
178,inheritance,783
178,inheritance,788
178,inheritance,127
178,using,335
178,inheritance,789
178,using,590
178,using,692
178,inheritance,98
178,inheritance,112
178,using,527
178,using,354
178,inheritance,763
178,inheritance,86
178,inheritance,851
178,inheritance,921
178,inheritance,931
178,inheritance,1074
178,using,1102
178,inheritance,1118
178,inheritance,981
178,inheritance,907
178,inheritance,1017
178,inheritance,261
178,inheritance,1155
184,inheritance,127
184,precedes,186
185,precedes,184
185,inheritance,579
186,inheritance,580
190,subframe,186
190,subframe,185
190,subframe,184
190,inheritance,583
193,using,349
193,using,753
194,inheritance,200
194,inheritance,199
194,inheritance,202
194,inheritance,319
195,subframe,1
198,causative_of,205
20,using,653
20,using,397
205,using,595
205,using,596
205,inheritance,1016
207,inheritance,194
207,using,126
207,inheritance,240
207,inheritance,393
207,using,391
207,inheritance,177
207,inheritance,221
207,inheritance,225
207,inheritance,294
207,inheritance,263
207,inheritance,369
207,inheritance,116
207,inheritance,298
207,inheritance,481
207,inheritance,630
207,inheritance,626
207,inheritance,406
207,inheritance,145
207,inheritance,9
207,inheritance,229
207,inheritance,12
207,inheritance,289
207,inheritance,85
207,inheritance,379
207,using,241
207,inheritance,435
207,inheritance,101
207,inheritance,544
207,inheritance,949
207,inheritance,182
207,inheritance,1127
207,inheritance,862
207,inheritance,1142
207,inheritance,908
207,inheritance,1109
207,inheritance,1183
207,inheritance,1185
207,inheritance,1081
207,inheritance,961
207,inheritance,910
207,inheritance,212
207,inheritance,622
207,inheritance,956
207,inheritance,774
207,inheritance,640
207,inheritance,235
207,inheritance,765
207,inheritance,305
207,inheritance,538
207,inheritance,10
207,inheritance,260
207,inheritance,1203
207,inheritance,984
208,precedes,210
208,inheritance,149
209,inheritance,109
209,inheritance,113
209,inheritance,287
209,subframe,210
209,subframe,133
209,subframe,208
209,subframe,138
209,subframe,136
209,subframe,122
209,subframe,132
209,subframe,139
209,using,515
209,subframe,794
209,subframe,795
210,inheritance,164
213,using,72
213,using,300
216,using,219
216,inheritance,158
216,see_also,927
216,see_also,219
216,using,1071
217,inheritance,1221
217,inheritance,1236
219,using,617
219,using,728
221,using,182
221,using,286
221,using,357
221,inheritance,537
221,precedes,289
221,using,1114
224,inheritance,1144
226,using,934
226,inheritance,708
226,inheritance,1455
226,inheritance,1460
226,inheritance,1050
226,inheritance,390
226,inheritance,276
226,inheritance,957
229,using,123
229,using,717
235,causative_of,454
237,using,259
237,using,77
244,using,408
244,inheritance,832
249,inheritance,250
249,inheritance,606
25,inheritance,254
25,inheritance,592
25,inheritance,770
25,inheritance,553
25,using,1124
255,inheritance,377
255,inheritance,253
255,inheritance,372
255,inheritance,223
255,inheritance,7
255,inheritance,750
255,inheritance,243
267,causative_of,767
269,precedes,767
27,using,616
27,using,697
27,inheritance,1558
277,subframe,287
280,inchoative_of,281
281,using,643
285,using,468
286,using,781
286,precedes,781
288,inheritance,461
288,inchoative_of,439
288,precedes,439
289,inheritance,781
289,using,1116
291,inheritance,255
291,using,621
301,using,213
305,causative_of,909
314,using,979
315,subframe,751
323,causative_of,329
324,using,707
324,using,711
324,using,744
326,using,145
326,inheritance,504
326,inheritance,636
326,using,797
326,inheritance,1105
326,inheritance,1015
326,using,1198
330,using,328
334,using,648
334,using,1136
335,see_also,324
335,inheritance,324
335,inheritance,1318
335,inheritance,607
335,inheritance,705
338,inheritance,742
338,using,629
338,using,417
34,using,415
347,inheritance,46
347,inheritance,845
347,inheritance,38
347,inheritance,68
347,inheritance,1433
348,using,743
348,see_also,792
348,see_also,691
348,using,984
35,inheritance,1134
35,inheritance,412
350,using,496
350,using,1046
351,causative_of,122
351,using,926
360,inheritance,883
361,using,1139
361,see_also,635
364,using,406
364,causative_of,285
366,using,72
366,using,220
370,using,358
371,using,803
372,precedes,1132
376,using,687
376,using,848
376,using,850
376,using,884
379,inheritance,87
380,precedes,575
380,inheritance,1161
383,causative_of,824
384,inheritance,316
385,using,586
385,causative_of,586
386,using,383
390,inheritance,395
390,inheritance,388
390,inheritance,123
390,inheritance,482
390,inheritance,696
390,inheritance,717
390,inheritance,656
390,inheritance,398
390,inheritance,273
390,inheritance,272
390,inheritance,791
390,using,586
390,inheritance,1098
390,inheritance,1099
390,inheritance,1156
390,subframe,1029
390,inheritance,1181
390,inheritance,1414
390,inheritance,1426
390,inheritance,1427
390,inheritance,1431
390,inheritance,505
390,inheritance,1441
390,inheritance,232
390,inheritance,1478
390,inheritance,144
390,inheritance,97
390,inheritance,1566
397,inheritance,381
397,inheritance,1035
402,using,345
403,using,542
403,inheritance,665
403,using,670
403,using,543
403,using,764
403,inheritance,838
417,using,559
417,using,516
417,using,590
417,using,608
417,using,1145
422,inheritance,532
422,causative_of,638
431,using,680
433,inheritance,202
433,causative_of,47
433,using,801
434,using,436
435,using,560
435,inheritance,311
437,causative_of,691
442,causative_of,567
442,using,701
442,using,630
442,inheritance,444
442,inheritance,796
442,inheritance,577
454,inheritance,981
454,inchoative_of,94
454,inheritance,991
476,using,477
476,inheritance,660
48,inheritance,872
48,inheritance,1093
483,using,213
483,inheritance,851
483,inheritance,859
485,inheritance,864
485,inheritance,992
485,inheritance,1452
485,inheritance,1453
485,inheritance,300
485,inheritance,1459
485,inheritance,503
485,inheritance,486
485,inheritance,1465
485,inheritance,623
486,inheritance,487
486,inheritance,491
486,inheritance,517
486,using,715
486,inheritance,725
486,using,845
486,inheritance,96
486,inheritance,959
486,see_also,99
486,inheritance,1019
486,inheritance,73
486,inheritance,1000
486,inheritance,1472
489,inheritance,490
490,inheritance,510
5,inheritance,565
5,inheritance,458
5,inheritance,281
5,inheritance,529
5,inheritance,387
5,inheritance,159
5,perspective_on,203
5,perspective_on,204
5,inheritance,403
5,inheritance,479
5,using,1111
5,using,546
5,inheritance,1164
5,inheritance,978
50,using,1068
503,inheritance,486
503,inheritance,191
503,inheritance,601
503,inheritance,625
503,inheritance,651
503,inheritance,693
503,inheritance,721
503,inheritance,340
503,inheritance,716
503,inheritance,88
503,inheritance,670
503,inheritance,403
503,inheritance,498
503,inheritance,345
503,inheritance,392
503,inheritance,79
503,inheritance,103
503,inheritance,326
503,inheritance,211
503,inheritance,143
503,inheritance,192
503,inheritance,339
503,inheritance,685
503,inheritance,760
503,inheritance,129
503,inheritance,347
503,inheritance,363
503,inheritance,332
503,inheritance,246
503,inheritance,453
503,inheritance,74
503,inheritance,220
503,inheritance,488
503,inheritance,683
503,using,371
503,inheritance,792
503,inheritance,304
503,inheritance,318
503,using,703
503,inheritance,831
503,inheritance,809
503,inheritance,997
503,inheritance,1018
503,inheritance,1140
503,inheritance,1148
503,inheritance,1150
503,inheritance,1152
503,inheritance,1025
503,inheritance,1043
503,inheritance,1467
503,inheritance,215
503,inheritance,691
503,inheritance,310
503,inheritance,1488
503,inheritance,1117
504,using,1033
51,inheritance,248
51,precedes,48
51,using,746
51,inheritance,873
511,using,540
511,using,1112
512,using,372
520,causative_of,133
520,causative_of,556
528,inheritance,806
528,inheritance,6
528,perspective_on,1
53,causative_of,220
533,using,536
533,inheritance,446
538,causative_of,566
541,see_also,101
541,inchoative_of,589
543,see_also,497
544,using,390
544,inheritance,664
544,using,453
544,inheritance,265
544,inheritance,972
544,inheritance,1056
546,using,674
547,using,1057
55,using,610
551,causative_of,208
553,inheritance,1010
556,using,714
557,precedes,148
558,using,635
558,using,488
56,see_also,57
56,see_also,53
56,using,588
56,using,481
56,using,686
56,using,689
56,inheritance,242
56,using,963
56,inheritance,1154
565,see_also,538
565,using,577
567,inheritance,863
567,perspective_on,1404
57,using,587
57,precedes,56
57,using,963
573,subframe,574
573,subframe,380
573,subframe,575
574,precedes,380
576,inheritance,574
576,precedes,161
578,inheritance,575
579,precedes,127
58,inheritance,50
58,inheritance,748
58,inheritance,315
58,inheritance,759
581,precedes,160
581,perspective_on,579
581,perspective_on,574
582,perspective_on,575
582,perspective_on,580
583,subframe,579
583,subframe,127
583,subframe,580
584,inheritance,573
584,subframe,576
584,subframe,161
584,subframe,578
585,subframe,581
585,subframe,160
585,subframe,582
585,perspective_on,573
585,perspective_on,583
585,using,565
585,inheritance,1159
596,inheritance,594
596,using,279
6,inheritance,307
6,inheritance,89
6,inheritance,364
6,inheritance,49
6,inheritance,306
6,inheritance,309
6,inheritance,603
6,inheritance,283
6,inheritance,520
6,inheritance,551
6,inheritance,383
6,inheritance,466
6,inheritance,251
6,inheritance,628
6,inheritance,267
6,inheritance,386
6,inheritance,384
6,inheritance,732
6,inheritance,353
6,inheritance,322
6,inheritance,258
6,inheritance,437
6,inheritance,71
6,inheritance,385
6,inheritance,798
6,inheritance,442
6,inheritance,323
6,inheritance,990
6,inheritance,974
6,inheritance,1005
6,inheritance,57
6,inheritance,56
6,inheritance,1007
6,inheritance,291
6,inheritance,1008
6,inheritance,1092
6,inheritance,1031
6,inheritance,663
6,inheritance,207
6,inheritance,839
6,inheritance,433
6,inheritance,44
605,using,429
605,inheritance,36
605,using,46
605,inheritance,194
605,using,1119
607,using,705
608,see_also,250
609,using,666
609,using,321
609,using,86
61,using,413
61,using,246
610,subframe,51
610,subframe,48
610,inheritance,748
616,using,634
616,inheritance,1129
617,inheritance,700
618,using,496
618,inheritance,231
627,using,704
627,inheritance,672
627,inheritance,723
628,causative_of,136
629,using,477
631,using,633
631,using,1016
634,inheritance,706
635,inheritance,662
635,using,636
635,using,429
635,see_also,361
636,using,609
638,using,465
638,inheritance,801
638,inheritance,844
638,using,845
638,see_also,1018
638,inheritance,1083
639,see_also,1018
640,causative_of,641
641,inchoative_of,643
650,inchoative_of,649
651,using,371
655,inheritance,244
656,using,723
656,inheritance,1220
656,inheritance,1264
656,inheritance,1231
656,inheritance,1262
656,inheritance,1342
66,causative_of,67
66,using,1436
66,see_also,1436
660,using,629
661,perspective_on,660
661,perspective_on,558
662,perspective_on,361
662,perspective_on,564
662,using,106
662,using,668
662,using,431
663,causative_of,361
664,see_also,544
664,inheritance,59
664,using,604
665,using,447
665,using,727
668,see_also,783
668,using,811
669,inheritance,1057
670,using,592
671,using,673
682,see_also,683
689,using,669
689,using,821
691,inheritance,1136
692,see_also,705
692,inheritance,1090
7,inheritance,761
70,see_also,237
70,see_also,53
712,using,14
712,using,2
712,using,670
712,inheritance,273
712,inheritance,272
712,inheritance,1098
719,inheritance,274
719,inheritance,475
719,inheritance,1137
719,inheritance,284
719,inheritance,922
719,inheritance,215
719,inheritance,1464
719,inheritance,797
719,inheritance,1096
719,inheritance,767
719,inheritance,281
719,inheritance,1372
719,inheritance,1151
719,inheritance,1114
719,inheritance,475
719,inheritance,691
719,inheritance,815
719,inheritance,668
719,inheritance,1490
719,inheritance,1205
719,inheritance,304
719,inheritance,318
719,inheritance,310
719,inheritance,643
721,inheritance,722
721,using,237
723,inheritance,726
723,using,724
723,inheritance,1100
734,using,730
734,inheritance,729
739,inheritance,741
742,using,1130
743,using,1073
750,using,754
750,using,755
760,using,761
762,using,789
763,inheritance,762
765,causative_of,438
770,inheritance,599
770,inheritance,600
771,perspective_on,770
771,perspective_on,244
772,inheritance,142
772,inheritance,467
772,inheritance,201
772,inheritance,140
772,inheritance,135
772,inheritance,141
773,perspective_on,486
773,perspective_on,772
773,perspective_on,99
773,perspective_on,170
773,inheritance,943
773,inheritance,1438
774,causative_of,475
777,perspective_on,223
777,perspective_on,222
782,inheritance,310
782,inheritance,354
782,inheritance,825
782,inheritance,950
782,inheritance,1172
782,inheritance,1337
782,inheritance,909
783,inheritance,811
788,inchoative_of,511
793,perspective_on,792
793,perspective_on,691
793,perspective_on,348
793,using,1185
794,inheritance,152
795,precedes,139
795,inheritance,151
80,using,82
800,using,417
800,inheritance,865
805,perspective_on,804
805,perspective_on,803
806,inheritance,807
807,inheritance,804
808,using,809
81,using,114
81,using,124
81,using,22
81,inheritance,160
81,inheritance,184
81,using,150
81,using,134
81,using,154
81,using,151
81,inheritance,1
81,using,782
81,inheritance,850
81,inheritance,857
81,inheritance,605
81,inheritance,48
81,inheritance,51
81,using,104
81,using,848
81,inheritance,90
81,inheritance,808
81,inheritance,1058
812,perspective_on,1005
812,perspective_on,57
814,inheritance,511
816,perspective_on,554
816,perspective_on,817
816,inheritance,818
816,inheritance,819
817,inheritance,814
817,inheritance,130
818,perspective_on,814
819,perspective_on,130
823,perspective_on,822
823,perspective_on,824
825,inheritance,823
830,using,831
837,inheritance,655
838,using,766
839,causative_of,795
84,inchoative_of,88
84,inheritance,718
84,using,514
84,using,970
84,inheritance,464
841,perspective_on,840
841,perspective_on,953
842,subframe,843
842,inheritance,784
842,subframe,844
843,precedes,844
844,using,406
847,causative_of,718
848,subframe,850
848,inheritance,940
85,inheritance,83
86,perspective_on,393
86,inheritance,432
86,using,1112
86,using,1117
86,using,1072
86,using,1177
862,inheritance,66
867,using,1004
867,using,1011
88,using,766
88,inheritance,681
88,inheritance,314
88,inheritance,325
88,inheritance,330
88,using,1012
887,inheritance,889
887,inheritance,892
889,subframe,890
889,subframe,886
89,causative_of,84
89,inheritance,847
892,perspective_on,893
892,subframe,894
892,subframe,888
898,inheritance,905
901,precedes,900
901,precedes,904
903,subframe,900
903,subframe,901
903,subframe,904
921,precedes,678
928,using,929
934,subframe,288
934,subframe,439
934,subframe,936
934,subframe,937
934,inheritance,938
935,perspective_on,940
936,precedes,937
936,inheritance,47
939,inheritance,935
939,perspective_on,848
94,inheritance,669
94,inheritance,627
94,inheritance,1068
94,inheritance,1071
94,inheritance,1041
94,inheritance,1173
94,inheritance,704
941,inheritance,498
941,see_also,498
944,perspective_on,133
944,perspective_on,943
944,perspective_on,954
949,inheritance,222
950,inchoative_of,300
957,perspective_on,712
957,perspective_on,1455
96,see_also,120
967,perspective_on,968
967,perspective_on,969
968,inheritance,966
97,using,475
972,causative_of,681
973,inheritance,1002
974,causative_of,817
975,perspective_on,605
975,perspective_on,976
977,inheritance,106
977,inheritance,979
979,inheritance,650
981,precedes,982
99,inheritance,1075
993,perspective_on,994
599,inheritance,1076
168,inheritance,313
168,inheritance,312
168,inheritance,136
168,inheritance,122
168,inheritance,132
168,using,546
168,inheritance,533
168,using,402
168,inheritance,208
168,inheritance,18
168,using,74
168,inheritance,161
168,inheritance,81
168,inheritance,795
168,inheritance,269
168,using,515
168,inheritance,936
168,inheritance,950
168,inheritance,3
168,inheritance,454
168,inheritance,1165
168,inheritance,288
168,inheritance,84
168,inheritance,810
168,inheritance,610
168,using,1047
168,inheritance,965
168,inheritance,178
168,inheritance,528
168,inheritance,1176
168,inheritance,354
168,using,1395
168,inheritance,1402
168,inheritance,782
137,using,556
137,inheritance,719
137,inheritance,439
137,inheritance,107
1188,using,1475
1188,metaphorical_projection,446
1188,metaphorical_projection,446
1188,metaphorical_projection,1126
1050,using,284
1050,using,1051
1050,using,1135
1050,inheritance,1184
1050,inheritance,1187
1050,inheritance,1475
1165,perspective_on,461
1165,using,1138
1165,perspective_on,256
1201,inheritance,1202
1201,using,116
1204,subframe,1165
1204,subframe,1202
239,precedes,269
256,precedes,47
256,precedes,922
266,precedes,239
268,subframe,266
268,subframe,269
268,subframe,239
268,subframe,646
268,subframe,767
284,using,645
284,inheritance,1045
312,inchoative_of,318
461,precedes,922
461,precedes,47
47,inchoative_of,284
922,precedes,47
938,subframe,284
938,subframe,47
938,subframe,461
990,causative_of,312
1093,using,1094
1095,subframe,59
1095,subframe,1094
1095,subframe,637
1231,using,1224
1231,using,1226
1231,using,1292
398,using,1021
398,using,1071
443,using,745
443,using,746
59,using,112
637,using,1088
776,perspective_on,443
776,perspective_on,59
1221,precedes,1238
1238,precedes,1352
1246,using,1306
1261,subframe,1260
1261,subframe,1281
1279,using,1318
1279,using,1327
1281,using,1316
1281,using,1289
1281,using,1349
1281,using,1327
1281,inheritance,1341
1281,inheritance,1282
1281,using,1342
1282,using,1342
1316,inheritance,1329
1316,inheritance,1330
1316,causative_of,1343
1318,inheritance,1343
1328,using,1324
1328,using,1342
1328,subframe,1289
1328,subframe,1316
1328,subframe,1349
1328,using,1281
1328,using,1327
1328,subframe,1238
1328,subframe,1352
1341,using,1342
1342,subframe,1364
1349,subframe,1358
1349,using,1289
1349,using,217
1355,subframe,217
1355,subframe,1328
1355,subframe,656
465,perspective_on,928
465,using,928
964,inheritance,465
257,precedes,297
293,subframe,472
293,subframe,473
293,subframe,474
293,using,618
293,perspective_on,521
293,perspective_on,522
294,precedes,295
295,precedes,298
296,precedes,257
472,perspective_on,294
472,perspective_on,296
472,precedes,473
473,perspective_on,257
473,perspective_on,295
473,precedes,474
474,inheritance,298
474,inheritance,297
521,subframe,296
521,subframe,257
521,subframe,297
522,subframe,294
522,subframe,295
522,subframe,298
1112,using,1113
672,using,1112
1182,causative_of,1186
1182,using,444
206,using,444
444,using,705
444,using,692
491,using,857
73,using,488
74,using,350
75,see_also,349
943,perspective_on,942
943,perspective_on,201
943,perspective_on,73
953,inheritance,206
954,inheritance,1004
1084,inheritance,1085
1084,inheritance,1104
1104,using,1106
264,using,406
265,using,264
393,using,613
393,inheritance,813
393,inheritance,901
393,inheritance,1103
393,inheritance,1119
395,using,401
395,inheritance,1084
395,using,102
401,using,784
784,perspective_on,264
784,perspective_on,265
784,using,406
42,using,326
42,inheritance,913
42,using,945
42,inheritance,338
779,using,40
779,using,43
779,using,41
779,using,338
779,using,352
779,using,370
779,using,365
779,using,274
779,using,23
779,perspective_on,42
779,perspective_on,336
779,inheritance,911
779,using,1141
779,using,1434
910,causative_of,42
911,inheritance,912
911,inheritance,914
911,inheritance,916
911,inheritance,917
911,inheritance,918
911,inheritance,919
914,perspective_on,913
914,perspective_on,915
919,inheritance,920
1022,inheritance,1024
1022,inheritance,1023
1022,inheritance,1020
196,using,549
978,inheritance,987
978,inheritance,980
978,inheritance,1147
980,perspective_on,988
980,perspective_on,989
987,perspective_on,985
987,perspective_on,986
1209,see_also,860
1209,see_also,884
375,using,373
597,using,598
597,using,375
754,see_also,755
1044,using,355
1289,inheritance,1356
1289,inheritance,1357
1289,inheritance,1359
1391,see_also,1383
1391,see_also,1392
1392,using,904
212,using,243
212,see_also,243
212,causative_of,469
214,perspective_on,3
214,perspective_on,620
214,using,1095
214,perspective_on,610
214,perspective_on,562
251,causative_of,440
276,inheritance,213
276,inheritance,252
276,inheritance,362
276,inheritance,611
276,inheritance,359
276,inheritance,648
276,inheritance,395
276,inheritance,388
276,inheritance,123
276,inheritance,696
276,inheritance,717
276,inheritance,398
276,inheritance,1098
276,inheritance,1414
276,inheritance,1426
276,inheritance,1441
276,inheritance,1566
283,causative_of,304
3,using,59
3,using,11
3,inheritance,259
3,inheritance,334
3,using,216
3,using,50
3,using,51
3,using,250
3,using,245
3,using,57
3,see_also,216
3,see_also,59
3,see_also,58
3,see_also,443
3,using,56
3,using,333
3,using,120
3,using,679
3,inheritance,58
3,subframe,747
3,subframe,509
3,using,713
3,using,753
3,using,183
3,inheritance,54
3,inheritance,317
304,using,318
306,causative_of,464
307,causative_of,308
307,inchoative_of,355
308,precedes,355
309,causative_of,310
317,using,247
322,causative_of,320
331,causative_of,333
353,causative_of,313
452,using,647
464,inchoative_of,517
466,causative_of,63
470,using,471
470,inheritance,820
480,causative_of,317
49,using,216
49,using,235
49,using,238
49,using,245
49,inheritance,480
49,subframe,56
49,subframe,57
49,inheritance,264
49,inheritance,927
49,see_also,216
49,see_also,53
49,see_also,56
49,see_also,57
49,see_also,52
49,causative_of,3
505,using,1441
517,inheritance,518
517,using,1001
602,subframe,308
602,subframe,355
63,using,33
63,see_also,468
63,see_also,364
63,see_also,285
63,see_also,470
63,see_also,466
63,see_also,54
63,see_also,471
71,causative_of,452
798,inheritance,799
798,using,883
9,causative_of,458
906,inchoative_of,310
392,using,1467
611,inheritance,612
611,inheritance,1466
611,inheritance,1474
611,inheritance,1471
611,inheritance,563
197,using,594
197,inheritance,448
197,inheritance,740
2,inheritance,33
2,using,282
2,using,261
2,using,29
2,using,38
2,using,253
2,using,80
2,using,26
2,using,110
2,using,430
2,using,27
2,using,218
2,using,28
2,using,119
2,using,416
2,using,198
2,using,118
2,using,262
2,using,31
2,using,34
2,using,405
2,using,35
2,using,271
2,using,426
2,using,290
2,inheritance,632
2,using,688
2,using,752
2,inheritance,30
2,inheritance,32
2,using,738
2,inheritance,36
2,inheritance,780
2,using,931
2,perspective_on,932
2,using,955
2,using,37
253,inheritance,552
253,using,526
253,using,272
262,using,789
272,using,482
272,inheritance,431
272,using,343
272,using,885
272,using,861
272,inheritance,1122
28,using,727
28,inheritance,447
28,using,270
28,using,982
36,using,739
37,using,197
37,inheritance,548
37,using,593
37,using,550
37,using,720
37,inheritance,737
37,inheritance,733
37,using,555
37,using,479
37,inheritance,456
37,inheritance,394
37,inheritance,971
37,inheritance,1367
456,inheritance,1153
456,inheritance,82
463,inheritance,720
479,inheritance,28
720,using,861
82,using,83
82,causative_of,335
932,inheritance,933
1561,subframe,1559
1561,subframe,1559
1561,subframe,1562
1561,subframe,1563
1561,subframe,1564
1579,using,1561
1138,subframe,1483
1138,subframe,1480
1138,subframe,1464
1138,using,231
1138,using,230
1138,subframe,45
1138,subframe,1155
1138,subframe,215
1138,using,1469
1155,precedes,45
1155,see_also,44
1155,using,1466
1155,using,232
1155,metaphorical_projection,921
215,causative_of,1470
215,using,45
215,using,44
215,using,1469
215,using,1146
215,inheritance,1477
215,subframe,1483
215,inheritance,192
215,inheritance,191
215,metaphorical_projection,446
215,metaphorical_projection,1126
230,using,1483
359,using,192
44,using,1138
44,causative_of,45
44,using,736
44,metaphorical_projection,678
45,precedes,44
46,using,1474
1464,using,1467
1464,using,1469
1464,using,1146
1464,using,215
1467,using,392
1469,using,1483
1470,using,1469
1470,inheritance,1188
1470,using,359
1470,using,1474
1472,using,1469
1473,using,1469
1473,inchoative_of,215
1475,metaphorical_projection,446
1477,metaphorical_projection,446
1483,precedes,1480
1483,precedes,1484
1484,precedes,1155
1480,using,1478
1375,using,115
1375,using,146
1375,using,11
1375,using,12
1375,using,211
1375,using,273
1375,using,362
1375,using,1471
1375,using,1465
1375,using,215
1375,using,1566
4,inheritance,60
4,inheritance,61
4,inheritance,64
4,inheritance,15
4,using,63
4,inheritance,65
4,using,96
4,using,470
180,subframe,271
180,subframe,109
180,subframe,181
180,subframe,182
180,using,412
187,perspective_on,188
187,perspective_on,162
189,using,700
189,perspective_on,155
189,perspective_on,156
340,inheritance,106
340,inheritance,24
340,inheritance,341
340,inheritance,342
340,using,68
340,using,38
340,inheritance,731
340,inheritance,709
340,inheritance,368
340,using,407
340,inheritance,125
340,inheritance,78
340,inheritance,834
340,inheritance,1141
445,subframe,180
445,subframe,408
445,subframe,446
562,using,571
775,inheritance,228
775,inheritance,836
778,inheritance,14
778,using,18
778,using,417
778,using,16
778,using,19
778,using,17
778,using,671
778,using,750
852,subframe,853
852,subframe,851
852,subframe,854
852,inheritance,869
853,precedes,851
853,inheritance,875
856,perspective_on,855
856,perspective_on,835
869,subframe,875
870,inheritance,871
870,perspective_on,852
870,subframe,872
870,subframe,873
870,subframe,874
871,perspective_on,869
871,subframe,876
871,subframe,877
871,subframe,878
871,perspective_on,879
872,inheritance,853
872,precedes,874
872,inheritance,876
873,inheritance,854
873,inheritance,878
874,inheritance,851
874,precedes,873
874,inheritance,877
876,precedes,877
876,perspective_on,875
877,precedes,878
879,subframe,880
895,inheritance,896
895,inheritance,897
895,inheritance,898
895,inheritance,899
895,inheritance,902
895,using,1086
896,see_also,897
896,perspective_on,1190
896,perspective_on,1193
1069,perspective_on,14
1069,using,1070
1131,subframe,1132
1131,subframe,372
1131,subframe,377
1167,subframe,1166
1168,subframe,1169
1178,subframe,1177
1178,subframe,1179
1437,perspective_on,18
1437,perspective_on,1036
1225,precedes,1226
1225,subframe,1229
1225,subframe,1240
1225,subframe,1259
1225,subframe,835
1225,inheritance,835
1225,subframe,1293
1225,subframe,1176
1226,subframe,1278
1226,subframe,1424
1227,subframe,577
1227,subframe,1210
1227,subframe,1254
1227,subframe,1263
1227,subframe,1275
1228,using,315
1228,subframe,1224
1228,subframe,1225
1228,subframe,1226
1228,subframe,1227
1228,subframe,656
1228,inheritance,849
391,perspective_on,699
391,perspective_on,698
76,using,337
76,using,77
76,subframe,159
76,subframe,706
76,using,577
1003,using,1001
124,using,502
129,inheritance,787
129,using,478
14,using,506
14,using,547
14,see_also,644
14,inheritance,495
14,using,98
14,inheritance,21
14,using,129
14,using,589
14,using,830
14,using,957
14,using,996
14,see_also,129
1434,see_also,42
1434,see_also,17
15,using,25
16,using,463
16,using,815
17,using,553
17,inheritance,423
17,inheritance,541
17,using,591
17,inheritance,1434
17,inheritance,436
17,inheritance,711
17,inheritance,1182
18,inchoative_of,14
18,using,962
18,using,1053
18,inheritance,1055
21,using,394
23,see_also,197
23,using,197
23,using,642
23,using,368
23,using,993
24,using,494
336,inheritance,866
341,using,409
341,using,533
381,see_also,21
407,using,8
407,inheritance,1158
418,using,429
439,see_also,859
439,using,868
439,precedes,936
439,inheritance,1077
449,using,227
449,inheritance,924
449,inheritance,1042
449,using,1194
459,using,771
459,using,60
459,using,914
498,inheritance,649
498,using,623
498,using,314
498,using,453
498,inheritance,586
498,inheritance,951
498,using,684
498,inheritance,1051
527,see_also,528
527,using,90
527,using,80
589,see_also,591
589,see_also,590
589,using,590
60,see_also,64
60,using,25
60,inheritance,849
64,using,62
64,using,438
64,inheritance,930
644,using,665
644,using,609
767,precedes,266
767,precedes,646
90,using,82
90,causative_of,417
90,inheritance,82
956,inheritance,2
956,causative_of,64
956,using,1098
1013,using,1014
1132,precedes,1041
1132,precedes,377
155,using,698
155,inheritance,785
155,using,832
156,using,699
156,inheritance,786
156,using,821
159,subframe,187
159,subframe,189
162,using,829
188,using,200
188,inheritance,829
188,using,829
337,inheritance,1220
337,inheritance,1253
702,using,1457
1114,inheritance,1115
1115,using,1125
1126,subframe,793
1126,subframe,446
1126,using,1486
119,precedes,110
1377,see_also,118
1377,see_also,119
1377,see_also,200
181,subframe,290
181,subframe,270
181,subframe,415
181,precedes,271
181,perspective_on,292
182,using,410
182,precedes,109
270,precedes,290
400,using,421
400,inheritance,126
408,using,411
408,precedes,180
409,using,446
413,using,410
415,precedes,270
446,inheritance,87
446,inheritance,111
446,inheritance,158
446,inheritance,112
446,inheritance,404
446,using,400
446,inheritance,91
446,precedes,408
446,inheritance,1489
446,inheritance,116
446,inheritance,1558
446,metaphorical_projection,86
482,using,409
530,using,531
530,inheritance,441
536,see_also,352
87,using,91
931,inheritance,290
123,using,174
123,using,146
123,using,587
123,using,588
144,using,587
144,using,146
144,using,588
11,using,147
147,using,462
354,using,1258
354,using,102
354,inchoative_of,1490
457,using,646
457,causative_of,13
1170,precedes,1169
1170,precedes,1166
1170,inheritance,1179
1172,precedes,1170
1177,precedes,1166
258,using,126
258,precedes,1170
258,using,1171
258,inheritance,1174
114,inheritance,999
114,inheritance,998
342,using,346
342,inheritance,321
342,inheritance,69
342,inheritance,882
342,inheritance,451
68,see_also,342
238,using,252
238,using,1253
238,using,1448
252,using,1009
356,inheritance,238
1448,using,238
835,using,1220
836,using,856
836,using,871
836,using,882
851,precedes,854
851,inheritance,835
851,using,849
1212,subframe,1214
1212,subframe,1216
1214,perspective_on,1213
1214,perspective_on,1215
1216,perspective_on,1210
1216,perspective_on,1211
1220,using,1225
1240,perspective_on,1222
1240,perspective_on,1223
1240,perspective_on,849
1253,using,252
1255,using,1212
1255,inheritance,1220
1255,inheritance,1253
1255,inheritance,1265
1258,using,1488
1259,inheritance,1270
1259,inheritance,1274
1259,inheritance,238
1263,precedes,1210
1293,using,1231
1293,using,1292
374,using,382
374,using,378
1018,inheritance,830
1486,using,446
524,inheritance,1112
524,inheritance,1120
524,inheritance,1279
524,inheritance,1281
524,inheritance,1261
524,inheritance,230
524,using,1028
