idFrameScenario,idFrameChild,scenarioName,childFrameName,idFeScenario,idFeChild,feScenarioName,feChildName,feRelationType
1006,1007,Placing_scenario,Container_focused_placing,9694,9710,Agent,Agent,perspective_on
1006,1007,Placing_scenario,Container_focused_placing,9709,9726,Cause,Cause,perspective_on
1006,1007,Placing_scenario,Container_focused_placing,9698,9714,Goal,Goal,perspective_on
1006,1007,Placing_scenario,Container_focused_placing,9695,9711,Theme,Theme,perspective_on
1006,1007,Placing_scenario,Container_focused_placing,9699,9715,Degree,Degree,perspective_on
1006,1007,Placing_scenario,Container_focused_placing,9707,9724,Instrument,Instrument,perspective_on
1006,1007,Placing_scenario,Container_focused_placing,9701,9717,Manner,Manner,perspective_on
1006,1007,Placing_scenario,Container_focused_placing,9702,9718,Means,Means,perspective_on
1006,1007,Placing_scenario,Container_focused_placing,9697,9713,Path,Path,perspective_on
1006,1007,Placing_scenario,Container_focused_placing,9706,9722,Place,Place,perspective_on
1006,1007,Placing_scenario,Container_focused_placing,9696,9712,Source,Source,perspective_on
1006,1007,Placing_scenario,Container_focused_placing,9705,9721,Time,Time,perspective_on
1006,1007,Placing_scenario,Container_focused_placing,9700,9716,Depictive,Depictive,perspective_on
1006,1007,Placing_scenario,Container_focused_placing,9704,9720,Explanation,Explanation,perspective_on
1006,1007,Placing_scenario,Container_focused_placing,9703,9719,Result,Result,perspective_on
1006,1007,Placing_scenario,Container_focused_placing,9708,9725,Subregion,Subregion,perspective_on
1006,56,Placing_scenario,Placing,9694,701,Agent,Agent,perspective_on
1006,56,Placing_scenario,Placing,9709,719,Cause,Cause,perspective_on
1006,56,Placing_scenario,Placing,9698,705,Goal,Goal,perspective_on
1006,56,Placing_scenario,Placing,9695,702,Theme,Theme,perspective_on
1006,56,Placing_scenario,Placing,9699,707,Degree,Degree,perspective_on
1006,56,Placing_scenario,Placing,9701,706,Manner,Manner,perspective_on
1006,56,Placing_scenario,Placing,9702,709,Means,Means,perspective_on
1006,56,Placing_scenario,Placing,9697,704,Path,Path,perspective_on
1006,56,Placing_scenario,Placing,9706,712,Place,Place,perspective_on
1006,56,Placing_scenario,Placing,9696,703,Source,Source,perspective_on
1006,56,Placing_scenario,Placing,9705,714,Time,Time,perspective_on
1006,56,Placing_scenario,Placing,9700,708,Depictive,Depictive,perspective_on
1006,56,Placing_scenario,Placing,9704,713,Explanation,Explanation,perspective_on
1006,56,Placing_scenario,Placing,9703,710,Result,Result,perspective_on
1078,1079,Deception_scenario,Deception_end,10223,10227,Deceiver,Deceiver,subframe
1078,1079,Deception_scenario,Deception_end,10224,10228,Phenomenon,Phenomenon,subframe
1078,1079,Deception_scenario,Deception_end,10225,10229,Topic,Topic,subframe
1078,1079,Deception_scenario,Deception_end,10222,10226,Victim,Victim,subframe
1108,221,Inhibit_motion_scenario,Inhibit_movement,10510,2356,Agent,Agent,subframe
1108,221,Inhibit_motion_scenario,Inhibit_movement,10513,2366,Cause,Cause,subframe
1108,221,Inhibit_motion_scenario,Inhibit_movement,10512,2355,Holding_location,Holding_location,subframe
1108,221,Inhibit_motion_scenario,Inhibit_movement,10511,2354,Theme,Theme,subframe
1108,1107,Inhibit_motion_scenario,Taking_captive,10510,10498,Agent,Agent,subframe
1108,1107,Inhibit_motion_scenario,Taking_captive,10513,10507,Cause,Cause,subframe
1108,1107,Inhibit_motion_scenario,Taking_captive,10511,10497,Theme,Captive,subframe
1108,289,Inhibit_motion_scenario,Releasing,10510,3032,Agent,Captor,subframe
1108,289,Inhibit_motion_scenario,Releasing,10512,3040,Holding_location,Location_of_confinement,subframe
1108,289,Inhibit_motion_scenario,Releasing,10511,3033,Theme,Theme,subframe
1159,1160,Temporary_transfer_scenario,Lending,10963,10965,Borrower,Borrower,perspective_on
1159,1160,Temporary_transfer_scenario,Lending,10962,10967,Lender,Lender,perspective_on
1159,1160,Temporary_transfer_scenario,Lending,10961,10968,Theme,Theme,perspective_on
1159,1160,Temporary_transfer_scenario,Lending,10964,10966,Duration,Duration,perspective_on
1159,1161,Temporary_transfer_scenario,Borrowing,10963,10973,Borrower,Borrower,perspective_on
1159,1161,Temporary_transfer_scenario,Borrowing,10962,10975,Lender,Lender,perspective_on
1159,1161,Temporary_transfer_scenario,Borrowing,10961,10976,Theme,Theme,perspective_on
1159,1161,Temporary_transfer_scenario,Borrowing,10964,10974,Duration,Duration,perspective_on
1175,1178,Disaster_scenario,Fire_emergency_scenario,11089,11109,Disaster,Fire,inheritance
1175,1178,Disaster_scenario,Fire_emergency_scenario,11088,11110,Duration,Duration,inheritance
1175,1178,Disaster_scenario,Fire_emergency_scenario,11085,11111,Place,Place,inheritance
1175,1178,Disaster_scenario,Fire_emergency_scenario,11083,11112,Responder,Responder,inheritance
1175,1178,Disaster_scenario,Fire_emergency_scenario,11086,11113,Response,Response,inheritance
1175,1178,Disaster_scenario,Fire_emergency_scenario,11087,11114,Time,Time,inheritance
1175,1178,Disaster_scenario,Fire_emergency_scenario,11084,11115,Victim,Victim,inheritance
1194,1196,Conditional_scenario,Negative_conditional,11245,11249,Anti_consequence,Anti_consequence,perspective_on
1194,1196,Conditional_scenario,Negative_conditional,11242,11248,Profiled_possibility,Profiled_possibility,perspective_on
1194,1195,Conditional_scenario,Conditional_occurrence,11244,11247,Consequence,Consequence,perspective_on
1194,1195,Conditional_scenario,Conditional_occurrence,11242,11246,Profiled_possibility,Profiled_possibility,perspective_on
1194,1198,Conditional_scenario,Preferred_alternative_scenario,11245,11261,Anti_consequence,Undesirable_consequence,inheritance
1194,1198,Conditional_scenario,Preferred_alternative_scenario,11244,11260,Consequence,Positive_consequence,inheritance
1194,1198,Conditional_scenario,Preferred_alternative_scenario,11242,11258,Profiled_possibility,Profiled_possibility,inheritance
1194,1198,Conditional_scenario,Preferred_alternative_scenario,11243,11259,Opposite_possibility,Opposite_possibility,inheritance
1198,635,Preferred_alternative_scenario,Required_event,11260,6206,Positive_consequence,Purpose,perspective_on
1198,635,Preferred_alternative_scenario,Required_event,11258,6203,Profiled_possibility,Required_situation,perspective_on
1198,635,Preferred_alternative_scenario,Required_event,11261,6204,Undesirable_consequence,Negative_consequences,perspective_on
1198,636,Preferred_alternative_scenario,Desirable_event,11260,6213,Positive_consequence,Purpose,perspective_on
1198,636,Preferred_alternative_scenario,Desirable_event,11258,6211,Profiled_possibility,State_of_affairs,perspective_on
1368,842,Attempting_and_resolving_scenario,Attempt_distant_interaction_scenario,7599,8268,Agent,Agent,inheritance
1368,842,Attempting_and_resolving_scenario,Attempt_distant_interaction_scenario,7602,8271,Means,Means,inheritance
1368,842,Attempting_and_resolving_scenario,Attempt_distant_interaction_scenario,7601,8270,Outcome,Outcome,inheritance
1368,842,Attempting_and_resolving_scenario,Attempt_distant_interaction_scenario,7604,8275,Place,Place,inheritance
1368,842,Attempting_and_resolving_scenario,Attempt_distant_interaction_scenario,7603,8273,Time,Time,inheritance
1368,842,Attempting_and_resolving_scenario,Attempt_distant_interaction_scenario,7605,8277,Duration,Duration,inheritance
1368,887,Attempting_and_resolving_scenario,Attempt_obtain_food_scenario,7599,8677,Agent,Seeker,inheritance
1368,887,Attempting_and_resolving_scenario,Attempt_obtain_food_scenario,7602,8682,Means,Means,inheritance
1368,887,Attempting_and_resolving_scenario,Attempt_obtain_food_scenario,7601,8683,Outcome,Outcome,inheritance
1368,887,Attempting_and_resolving_scenario,Attempt_obtain_food_scenario,7604,8684,Place,Place,inheritance
1368,887,Attempting_and_resolving_scenario,Attempt_obtain_food_scenario,7603,8685,Time,Time,inheritance
1368,887,Attempting_and_resolving_scenario,Attempt_obtain_food_scenario,7605,8680,Duration,Duration,inheritance
1368,887,Attempting_and_resolving_scenario,Attempt_obtain_food_scenario,7600,8678,Goal,Food,inheritance
1368,973,Attempting_and_resolving_scenario,Attempt_obtain_mineral_scenario,7599,9494,Agent,Agent,inheritance
1368,973,Attempting_and_resolving_scenario,Attempt_obtain_mineral_scenario,7602,9496,Means,Means,inheritance
1368,973,Attempting_and_resolving_scenario,Attempt_obtain_mineral_scenario,7601,9495,Outcome,Outcome,inheritance
1368,973,Attempting_and_resolving_scenario,Attempt_obtain_mineral_scenario,7604,9498,Place,Place,inheritance
1368,973,Attempting_and_resolving_scenario,Attempt_obtain_mineral_scenario,7603,9497,Time,Time,inheritance
1368,973,Attempting_and_resolving_scenario,Attempt_obtain_mineral_scenario,7605,9499,Duration,Duration,inheritance
1368,1399,Attempting_and_resolving_scenario,Result_of_attempt_scenario,,,,,
1368,1369,Attempting_and_resolving_scenario,Attempt_action_scenario,,,,,
1369,105,Attempt_action_scenario,Attempt,,,,,
1369,946,Attempt_action_scenario,Attempt_means,,,,,
1369,1399,Attempt_action_scenario,Result_of_attempt_scenario,,,,,
1380,366,Containment_scenario,Containing,,,,,
1380,1372,Containment_scenario,Being_contained_within,,,,,
1382,168,Dynamic_situation_scenario,Event,1861,1867,Event,Event,subframe
1382,168,Dynamic_situation_scenario,Event,1862,1868,Place,Place,subframe
1382,168,Dynamic_situation_scenario,Event,1858,1870,Time,Time,subframe
1382,168,Dynamic_situation_scenario,Event,1860,1869,Explanation,Explanation,subframe
1382,1385,Dynamic_situation_scenario,Event_initial_state,1859,1863,Entity,Entity,subframe
1382,1384,Dynamic_situation_scenario,Event_endstate,1859,1865,Entity,Entity,subframe
1389,513,Identity_scenario,Identicality,,,,,
1389,1388,Identity_scenario,Identity,,,,,
1399,638,Result_of_attempt_scenario,Success_or_failure,7588,6229,Agent,Agent,perspective_on
1399,638,Result_of_attempt_scenario,Success_or_failure,7589,6230,Goal,Goal,perspective_on
1399,638,Result_of_attempt_scenario,Success_or_failure,7594,6236,Role,Role,perspective_on
1399,638,Result_of_attempt_scenario,Success_or_failure,7590,6231,Action,Means,perspective_on
1399,638,Result_of_attempt_scenario,Success_or_failure,7595,6237,Circumstances,Circumstances,perspective_on
1399,638,Result_of_attempt_scenario,Success_or_failure,7598,6232,Degree,Degree,perspective_on
1399,638,Result_of_attempt_scenario,Success_or_failure,7593,6235,Place,Place,perspective_on
1399,638,Result_of_attempt_scenario,Success_or_failure,7591,6233,Time,Time,perspective_on
1399,638,Result_of_attempt_scenario,Success_or_failure,7597,6239,Containing_event,Containing_event,perspective_on
1399,638,Result_of_attempt_scenario,Success_or_failure,7592,6234,Depictive,Depictive,perspective_on
1399,638,Result_of_attempt_scenario,Success_or_failure,7596,6238,Explanation,Explanation,perspective_on
1399,639,Result_of_attempt_scenario,Successful_action,7588,6248,Agent,Protagonist,perspective_on
1399,639,Result_of_attempt_scenario,Successful_action,7589,6242,Goal,Goal,perspective_on
1399,639,Result_of_attempt_scenario,Successful_action,7594,6250,Role,Role,perspective_on
1399,639,Result_of_attempt_scenario,Successful_action,7590,6241,Action,Means,perspective_on
1399,639,Result_of_attempt_scenario,Successful_action,7595,6247,Circumstances,Circumstances,perspective_on
1399,639,Result_of_attempt_scenario,Successful_action,7598,6249,Degree,Degree,perspective_on
1399,639,Result_of_attempt_scenario,Successful_action,7593,6244,Place,Place,perspective_on
1399,639,Result_of_attempt_scenario,Successful_action,7591,6245,Time,Time,perspective_on
1399,639,Result_of_attempt_scenario,Successful_action,7597,6252,Containing_event,Containing_event,perspective_on
1399,639,Result_of_attempt_scenario,Successful_action,7596,6251,Explanation,Explanation,perspective_on
1399,422,Result_of_attempt_scenario,Thwarting,7588,4306,Agent,Protagonist,perspective_on
1399,422,Result_of_attempt_scenario,Thwarting,7590,4307,Action,Action,perspective_on
1399,422,Result_of_attempt_scenario,Thwarting,7598,4311,Degree,Degree,perspective_on
1399,422,Result_of_attempt_scenario,Thwarting,7593,4309,Place,Place,perspective_on
1399,422,Result_of_attempt_scenario,Thwarting,7591,4308,Time,Time,perspective_on
1399,125,Result_of_attempt_scenario,Expertise,7588,1490,Agent,Protagonist,using
1399,125,Result_of_attempt_scenario,Expertise,7589,1491,Goal,Skill,using
1399,125,Result_of_attempt_scenario,Expertise,7594,1496,Role,Role,using
1399,125,Result_of_attempt_scenario,Expertise,7590,1494,Action,Behavior_product,using
1399,125,Result_of_attempt_scenario,Expertise,7598,1493,Degree,Degree,using
1399,608,Result_of_attempt_scenario,Elusive_goal,7588,5923,Agent,Experiencer,perspective_on
1399,608,Result_of_attempt_scenario,Elusive_goal,7590,5924,Action,Desired_goal,perspective_on
1399,608,Result_of_attempt_scenario,Elusive_goal,7598,5928,Degree,Degree,perspective_on
1399,608,Result_of_attempt_scenario,Elusive_goal,7593,5926,Place,Place,perspective_on
1399,608,Result_of_attempt_scenario,Elusive_goal,7591,5925,Time,Time,perspective_on
1403,782,Undergoing_scenario,Undergoing,,,,,
1403,81,Undergoing_scenario,Eventive_affecting,,,,,
1403,1126,Undergoing_scenario,Violence,,,,,
1438,140,Distance_scenario,Measure_of_distance_and_length,13181,1603,Count,Count,perspective_on
1438,140,Distance_scenario,Measure_of_distance_and_length,13183,1605,Unit,Unit,perspective_on
1438,140,Distance_scenario,Measure_of_distance_and_length,13184,1606,Dimension,Dimension,perspective_on
1438,140,Distance_scenario,Measure_of_distance_and_length,13182,1604,Stuff,Stuff,perspective_on
1438,1193,Distance_scenario,Gradable_proximity,13188,11241,Distance,Distance,perspective_on
1438,1193,Distance_scenario,Gradable_proximity,13187,11236,Locations,Figures,perspective_on
1438,1193,Distance_scenario,Gradable_proximity,13185,11232,Location_1,Figure,perspective_on
1438,1193,Distance_scenario,Gradable_proximity,13186,11231,Location_2,Ground,perspective_on
1438,1190,Distance_scenario,Non-gradable_proximity,13188,11209,Distance,Distance,perspective_on
1438,1190,Distance_scenario,Non-gradable_proximity,13185,11205,Location_1,Figure,perspective_on
1438,1190,Distance_scenario,Non-gradable_proximity,13186,11204,Location_2,Ground,perspective_on
190,186,Lose_possession_scenario,Post_lose_possession,2077,2035,Donor,Owner,subframe
190,186,Lose_possession_scenario,Post_lose_possession,2078,2036,Theme,Possession,subframe
190,185,Lose_possession_scenario,Pre_lose_possession,2077,2031,Donor,Owner,subframe
190,184,Lose_possession_scenario,Lose_possession,2077,2027,Donor,Donor,subframe
190,184,Lose_possession_scenario,Lose_possession,2078,2028,Theme,Theme,subframe
190,583,Lose_possession_scenario,Giving_scenario,2077,5713,Donor,Donor,inheritance
190,583,Lose_possession_scenario,Giving_scenario,2078,5715,Theme,Theme,inheritance
195,1,Causation_scenario,Causation,2109,3,Effect,Effect,subframe
573,574,Receiving_scenario,Pre_receiving,5657,5663,Donor,Donor,subframe
573,574,Receiving_scenario,Pre_receiving,5656,5662,Recipient,Recipient,subframe
573,574,Receiving_scenario,Pre_receiving,5658,5664,Theme,Theme,subframe
573,380,Receiving_scenario,Receiving,5657,3908,Donor,Donor,subframe
573,380,Receiving_scenario,Receiving,5656,3907,Recipient,Recipient,subframe
573,380,Receiving_scenario,Receiving,5658,3909,Theme,Theme,subframe
573,380,Receiving_scenario,Receiving,5660,3911,Means,Means,subframe
573,380,Receiving_scenario,Receiving,5661,3914,Mode_of_transfer,Mode_of_transfer,subframe
573,380,Receiving_scenario,Receiving,5659,3910,Purpose,Purpose_of_donor,subframe
573,575,Receiving_scenario,Post_receiving,5657,5668,Donor,Donor,subframe
573,575,Receiving_scenario,Post_receiving,5656,5667,Recipient,Recipient,subframe
573,575,Receiving_scenario,Post_receiving,5658,5669,Theme,Theme,subframe
583,579,Giving_scenario,Pre_giving,5713,5693,Donor,Donor,subframe
583,579,Giving_scenario,Pre_giving,5714,5696,Recipient,Recipient,subframe
583,579,Giving_scenario,Pre_giving,5715,5694,Theme,Theme,subframe
583,579,Giving_scenario,Pre_giving,5717,5695,Manner,Manner,subframe
583,127,Giving_scenario,Giving,5713,1513,Donor,Donor,subframe
583,127,Giving_scenario,Giving,5714,1514,Recipient,Recipient,subframe
583,127,Giving_scenario,Giving,5715,1515,Theme,Theme,subframe
583,127,Giving_scenario,Giving,5717,1521,Manner,Manner,subframe
583,127,Giving_scenario,Giving,5718,1523,Imposed_purpose,Imposed_purpose,subframe
583,127,Giving_scenario,Giving,5716,1519,Purpose,Purpose,subframe
583,580,Giving_scenario,Post_giving,5713,5698,Donor,Donor,subframe
583,580,Giving_scenario,Post_giving,5714,5701,Recipient,Recipient,subframe
583,580,Giving_scenario,Post_giving,5715,5699,Theme,Theme,subframe
583,580,Giving_scenario,Post_giving,5717,5700,Manner,Manner,subframe
584,573,Getting_scenario,Receiving_scenario,5719,5656,Recipient,Recipient,inheritance
584,573,Getting_scenario,Receiving_scenario,5720,5658,Theme,Theme,inheritance
584,573,Getting_scenario,Receiving_scenario,5721,5657,Source,Donor,inheritance
584,573,Getting_scenario,Receiving_scenario,5722,5659,Purpose,Purpose,inheritance
584,576,Getting_scenario,Pre_getting,5719,5672,Recipient,Recipient,subframe
584,576,Getting_scenario,Pre_getting,5720,5673,Theme,Theme,subframe
584,161,Getting_scenario,Getting,5719,1824,Recipient,Recipient,subframe
584,161,Getting_scenario,Getting,5720,1825,Theme,Theme,subframe
584,161,Getting_scenario,Getting,5721,1826,Source,Source,subframe
584,161,Getting_scenario,Getting,5723,1829,Explanation,Explanation,subframe
584,161,Getting_scenario,Getting,5722,1828,Purpose,Purpose,subframe
584,578,Getting_scenario,Post_getting,5719,5689,Recipient,Recipient,subframe
584,578,Getting_scenario,Post_getting,5720,5690,Theme,Theme,subframe
585,581,Transfer_scenario,Pre_transfer,5726,5703,Donor,Donor,subframe
585,581,Transfer_scenario,Pre_transfer,5724,5706,Recipient,Recipient,subframe
585,581,Transfer_scenario,Pre_transfer,5725,5704,Theme,Theme,subframe
585,160,Transfer_scenario,Transfer,5726,1816,Donor,Donor,subframe
585,160,Transfer_scenario,Transfer,5724,1814,Recipient,Recipient,subframe
585,160,Transfer_scenario,Transfer,5725,1815,Theme,Theme,subframe
585,160,Transfer_scenario,Transfer,5727,1820,Transferors,Transferors,subframe
585,582,Transfer_scenario,Post_transfer,5726,5708,Donor,Donor,subframe
585,582,Transfer_scenario,Post_transfer,5724,5711,Recipient,Recipient,subframe
585,582,Transfer_scenario,Post_transfer,5725,5709,Theme,Theme,subframe
585,573,Transfer_scenario,Receiving_scenario,5726,5657,Donor,Donor,perspective_on
585,573,Transfer_scenario,Receiving_scenario,5724,5656,Recipient,Recipient,perspective_on
585,573,Transfer_scenario,Receiving_scenario,5725,5658,Theme,Theme,perspective_on
585,583,Transfer_scenario,Giving_scenario,5726,5713,Donor,Donor,perspective_on
585,583,Transfer_scenario,Giving_scenario,5724,5714,Recipient,Recipient,perspective_on
585,583,Transfer_scenario,Giving_scenario,5725,5715,Theme,Theme,perspective_on
585,565,Transfer_scenario,Exchange,5725,5597,Theme,Themes,using
585,565,Transfer_scenario,Exchange,5727,5593,Transferors,Exchangers,using
585,1159,Transfer_scenario,Temporary_transfer_scenario,5726,10962,Donor,Lender,inheritance
585,1159,Transfer_scenario,Temporary_transfer_scenario,5724,10963,Recipient,Borrower,inheritance
585,1159,Transfer_scenario,Temporary_transfer_scenario,5725,10961,Theme,Theme,inheritance
661,660,Requirement_scenario,Have_as_requirement,6435,6425,Dependent,Dependent,perspective_on
661,660,Requirement_scenario,Have_as_requirement,6444,6432,Required_entity,Required_entity,perspective_on
661,660,Requirement_scenario,Have_as_requirement,6436,6426,Requirement,Requirement,perspective_on
661,660,Requirement_scenario,Have_as_requirement,6437,6427,Degree,Degree,perspective_on
661,660,Requirement_scenario,Have_as_requirement,6442,6434,Place,Place,perspective_on
661,660,Requirement_scenario,Have_as_requirement,6445,6433,Required_individual,Required_individual,perspective_on
661,660,Requirement_scenario,Have_as_requirement,6439,6429,Time,Time,perspective_on
661,660,Requirement_scenario,Have_as_requirement,6440,6430,Condition,Condition,perspective_on
661,660,Requirement_scenario,Have_as_requirement,6441,6431,Domain,Domain,perspective_on
661,660,Requirement_scenario,Have_as_requirement,6438,6428,Explanation,Explanation,perspective_on
661,558,Requirement_scenario,Being_necessary,6435,5534,Dependent,Dependent,perspective_on
661,558,Requirement_scenario,Being_necessary,6444,5542,Required_entity,Required_entity,perspective_on
661,558,Requirement_scenario,Being_necessary,6436,5535,Requirement,Requirement,perspective_on
661,558,Requirement_scenario,Being_necessary,6437,5536,Degree,Degree,perspective_on
661,558,Requirement_scenario,Being_necessary,6443,5541,Dependent_individual,Dependent_individual,perspective_on
661,558,Requirement_scenario,Being_necessary,6442,5540,Place,Place,perspective_on
661,558,Requirement_scenario,Being_necessary,6439,5537,Time,Time,perspective_on
661,558,Requirement_scenario,Being_necessary,6440,5538,Condition,Condition,perspective_on
661,558,Requirement_scenario,Being_necessary,6441,5539,Domain,Domain,perspective_on
662,361,Obligation_scenario,Being_obligated,6447,3748,Duty,Duty,perspective_on
662,361,Obligation_scenario,Being_obligated,6446,3747,Responsible_party,Responsible_party,perspective_on
662,361,Obligation_scenario,Being_obligated,6449,3750,Consequence,Consequence,perspective_on
662,361,Obligation_scenario,Being_obligated,6451,3752,Place,Place,perspective_on
662,361,Obligation_scenario,Being_obligated,6450,3751,Time,Time,perspective_on
662,361,Obligation_scenario,Being_obligated,6448,3749,Condition,Condition,perspective_on
662,564,Obligation_scenario,Being_obligatory,6447,5580,Duty,Duty,perspective_on
662,564,Obligation_scenario,Being_obligatory,6446,5581,Responsible_party,Responsible_party,perspective_on
662,564,Obligation_scenario,Being_obligatory,6449,5579,Consequence,Consequence,perspective_on
662,564,Obligation_scenario,Being_obligatory,6451,5583,Place,Place,perspective_on
662,564,Obligation_scenario,Being_obligatory,6450,5582,Time,Time,perspective_on
662,564,Obligation_scenario,Being_obligatory,6448,5578,Condition,Condition,perspective_on
662,106,Obligation_scenario,Compliance,6447,1312,Duty,Act,using
662,106,Obligation_scenario,Compliance,6446,1311,Responsible_party,Protagonist,using
662,106,Obligation_scenario,Compliance,6450,1320,Time,Time,using
662,668,Obligation_scenario,Being_in_effect,6446,6523,Responsible_party,Obligated_party,using
662,668,Obligation_scenario,Being_in_effect,6451,6520,Place,Place,using
662,668,Obligation_scenario,Being_in_effect,6450,6519,Time,Time,using
662,431,Obligation_scenario,Documents,6447,4379,Duty,Obligation,using
662,431,Obligation_scenario,Documents,6446,4377,Responsible_party,Bearer,using
662,431,Obligation_scenario,Documents,6448,4382,Condition,Specification,using
771,770,Searching_scenario,Scrutinizing_for,7616,7608,Cognizer,Cognizer,perspective_on
771,770,Searching_scenario,Scrutinizing_for,7617,7609,Ground,Ground,perspective_on
771,770,Searching_scenario,Scrutinizing_for,7618,7610,Phenomenon,Phenomenon,perspective_on
771,770,Searching_scenario,Scrutinizing_for,7621,7613,Degree,Degree,perspective_on
771,770,Searching_scenario,Scrutinizing_for,7623,7615,Instrument,Instrument,perspective_on
771,770,Searching_scenario,Scrutinizing_for,7619,7611,Manner,Manner,perspective_on
771,770,Searching_scenario,Scrutinizing_for,7620,7612,Means,Means,perspective_on
771,770,Searching_scenario,Scrutinizing_for,7622,7614,Purpose,Purpose,perspective_on
771,244,Searching_scenario,Seeking,7616,2561,Cognizer,Cognizer_agent,perspective_on
771,244,Searching_scenario,Seeking,7617,2562,Ground,Ground,perspective_on
771,244,Searching_scenario,Seeking,7618,2563,Phenomenon,Sought_entity,perspective_on
771,244,Searching_scenario,Seeking,7619,2564,Manner,Manner,perspective_on
771,244,Searching_scenario,Seeking,7620,2565,Means,Means,perspective_on
771,244,Searching_scenario,Seeking,7622,2569,Purpose,Purpose,perspective_on
773,486,Measure_scenario,Measurable_attributes,7629,4938,Attribute,Attribute,perspective_on
773,486,Measure_scenario,Measurable_attributes,7631,4940,Degree,Degree,perspective_on
773,486,Measure_scenario,Measurable_attributes,7628,4937,Entity,Entity,perspective_on
773,486,Measure_scenario,Measurable_attributes,7630,4939,Value,Value,perspective_on
773,486,Measure_scenario,Measurable_attributes,7633,4942,Circumstances,Circumstances,perspective_on
773,486,Measure_scenario,Measurable_attributes,7632,4941,Time,Time,perspective_on
773,772,Measure_scenario,Measures,7629,7627,Attribute,Attribute,perspective_on
773,772,Measure_scenario,Measures,7635,7624,Count,Count,perspective_on
773,772,Measure_scenario,Measures,7628,7626,Entity,Entity,perspective_on
773,772,Measure_scenario,Measures,7634,7625,Unit,Unit,perspective_on
773,99,Measure_scenario,Dimension,7629,1220,Attribute,Dimension,perspective_on
773,99,Measure_scenario,Dimension,7628,1221,Entity,Object,perspective_on
773,99,Measure_scenario,Dimension,7630,1222,Value,Measurement,perspective_on
773,99,Measure_scenario,Dimension,7633,1223,Circumstances,Locus,perspective_on
773,170,Measure_scenario,Quantified_mass,7628,1882,Entity,Mass,perspective_on
773,170,Measure_scenario,Quantified_mass,7630,1881,Value,Quantity,perspective_on
773,943,Measure_scenario,Duration_scenario,7629,9277,Attribute,Attribute,inheritance
773,943,Measure_scenario,Duration_scenario,7635,9281,Count,Count,inheritance
773,943,Measure_scenario,Duration_scenario,7631,9279,Degree,Degree,inheritance
773,943,Measure_scenario,Duration_scenario,7628,9276,Entity,Period,inheritance
773,943,Measure_scenario,Duration_scenario,7634,9280,Unit,Unit,inheritance
773,943,Measure_scenario,Duration_scenario,7630,9278,Value,Duration,inheritance
773,1438,Measure_scenario,Distance_scenario,7635,13181,Count,Count,inheritance
773,1438,Measure_scenario,Distance_scenario,7631,13189,Degree,Degree,inheritance
773,1438,Measure_scenario,Distance_scenario,7628,13187,Entity,Locations,inheritance
773,1438,Measure_scenario,Distance_scenario,7634,13183,Unit,Unit,inheritance
773,1438,Measure_scenario,Distance_scenario,7630,13188,Value,Distance,inheritance
777,223,Knot_creation_scenario,Knot_creation,7665,2378,Agent,Agent,perspective_on
777,223,Knot_creation_scenario,Knot_creation,7673,2384,Knot,Knot,perspective_on
777,223,Knot_creation_scenario,Knot_creation,7666,2379,Instrument,Instrument,perspective_on
777,223,Knot_creation_scenario,Knot_creation,7674,2385,Manner,Manner,perspective_on
777,223,Knot_creation_scenario,Knot_creation,7670,2383,Means,Means,perspective_on
777,223,Knot_creation_scenario,Knot_creation,7667,2380,Place,Place,perspective_on
777,223,Knot_creation_scenario,Knot_creation,7669,2382,Time,Time,perspective_on
777,223,Knot_creation_scenario,Knot_creation,7668,2381,Purpose,Purpose,perspective_on
777,222,Knot_creation_scenario,Rope_manipulation,7665,2367,Agent,Agent,perspective_on
777,222,Knot_creation_scenario,Rope_manipulation,7673,2375,Knot,Knot,perspective_on
777,222,Knot_creation_scenario,Rope_manipulation,7672,2374,Rope,Rope,perspective_on
777,222,Knot_creation_scenario,Rope_manipulation,7666,2368,Instrument,Instrument,perspective_on
777,222,Knot_creation_scenario,Rope_manipulation,7674,2376,Manner,Manner,perspective_on
777,222,Knot_creation_scenario,Rope_manipulation,7670,2372,Means,Means,perspective_on
777,222,Knot_creation_scenario,Rope_manipulation,7667,2369,Place,Place,perspective_on
777,222,Knot_creation_scenario,Rope_manipulation,7669,2371,Time,Time,perspective_on
777,222,Knot_creation_scenario,Rope_manipulation,7671,2373,Explanation,Explanation,perspective_on
777,222,Knot_creation_scenario,Rope_manipulation,7675,2377,Locus,Locus,perspective_on
777,222,Knot_creation_scenario,Rope_manipulation,7668,2370,Purpose,Purpose,perspective_on
793,792,Risk_scenario,Risky_situation,7848,7840,Asset,Asset,perspective_on
793,792,Risk_scenario,Risky_situation,7850,7839,Situation,Situation,perspective_on
793,792,Risk_scenario,Risky_situation,7851,7841,Degree,Degree,perspective_on
793,792,Risk_scenario,Risky_situation,7853,7842,Place,Place,perspective_on
793,792,Risk_scenario,Risky_situation,7852,7843,Time,Time,perspective_on
793,691,Risk_scenario,Being_at_risk,7848,6748,Asset,Asset,perspective_on
793,691,Risk_scenario,Being_at_risk,7849,6750,Harmful_event,Harmful_event,perspective_on
793,691,Risk_scenario,Being_at_risk,7850,6755,Situation,Situation,perspective_on
793,691,Risk_scenario,Being_at_risk,7851,6749,Degree,Degree,perspective_on
793,691,Risk_scenario,Being_at_risk,7853,6752,Place,Place,perspective_on
793,691,Risk_scenario,Being_at_risk,7852,6753,Time,Time,perspective_on
793,348,Risk_scenario,Run_risk,7848,3625,Asset,Asset,perspective_on
793,348,Risk_scenario,Run_risk,7849,3624,Harmful_event,Bad_outcome,perspective_on
793,348,Risk_scenario,Run_risk,7850,3626,Situation,Action,perspective_on
793,348,Risk_scenario,Run_risk,7851,3622,Degree,Severity,perspective_on
793,348,Risk_scenario,Run_risk,7853,3621,Place,Place,perspective_on
793,348,Risk_scenario,Run_risk,7852,3623,Time,Time,perspective_on
793,1185,Risk_scenario,Rescuing,7848,11170,Asset,Asset,using
793,1185,Risk_scenario,Rescuing,7849,11171,Harmful_event,Harmful_situation,using
793,1185,Risk_scenario,Rescuing,7851,11180,Degree,Degree,using
793,1185,Risk_scenario,Rescuing,7853,11174,Place,Place,using
793,1185,Risk_scenario,Rescuing,7852,11172,Time,Time,using
812,1005,Removing_scenario,Container_focused_removing,8007,9677,Agent,Agent,perspective_on
812,1005,Removing_scenario,Container_focused_removing,8018,9688,Cause,Cause,perspective_on
812,1005,Removing_scenario,Container_focused_removing,8009,9679,Source,Source,perspective_on
812,1005,Removing_scenario,Container_focused_removing,8008,9678,Theme,Theme,perspective_on
812,1005,Removing_scenario,Container_focused_removing,8012,9682,Degree,Degree,perspective_on
812,1005,Removing_scenario,Container_focused_removing,8011,9681,Goal,Goal,perspective_on
812,1005,Removing_scenario,Container_focused_removing,8017,9687,Instrument,Instrument,perspective_on
812,1005,Removing_scenario,Container_focused_removing,8014,9684,Manner,Manner,perspective_on
812,1005,Removing_scenario,Container_focused_removing,8015,9685,Means,Means,perspective_on
812,1005,Removing_scenario,Container_focused_removing,8010,9680,Path,Path,perspective_on
812,1005,Removing_scenario,Container_focused_removing,8019,9689,Place,Place,perspective_on
812,1005,Removing_scenario,Container_focused_removing,8020,9690,Time,Time,perspective_on
812,1005,Removing_scenario,Container_focused_removing,8023,9693,Circumstances,Circumstances,perspective_on
812,1005,Removing_scenario,Container_focused_removing,8021,9691,Containing_event,Containing_event,perspective_on
812,1005,Removing_scenario,Container_focused_removing,8013,9683,Depictive,Depictive,perspective_on
812,1005,Removing_scenario,Container_focused_removing,8022,9692,Explanation,Explanation,perspective_on
812,1005,Removing_scenario,Container_focused_removing,8016,9686,Result,Result,perspective_on
812,57,Removing_scenario,Removing,8007,722,Agent,Agent,perspective_on
812,57,Removing_scenario,Removing,8018,731,Cause,Cause,perspective_on
812,57,Removing_scenario,Removing,8009,724,Source,Source,perspective_on
812,57,Removing_scenario,Removing,8008,723,Theme,Theme,perspective_on
812,57,Removing_scenario,Removing,8012,730,Degree,Degree,perspective_on
812,57,Removing_scenario,Removing,8011,726,Goal,Goal,perspective_on
812,57,Removing_scenario,Removing,8017,738,Instrument,Instrument,perspective_on
812,57,Removing_scenario,Removing,8014,727,Manner,Manner,perspective_on
812,57,Removing_scenario,Removing,8015,728,Means,Means,perspective_on
812,57,Removing_scenario,Removing,8010,725,Path,Path,perspective_on
812,57,Removing_scenario,Removing,8019,736,Place,Place,perspective_on
812,57,Removing_scenario,Removing,8020,735,Time,Time,perspective_on
812,57,Removing_scenario,Removing,8023,741,Circumstances,Circumstances,perspective_on
812,57,Removing_scenario,Removing,8013,739,Depictive,Depictive,perspective_on
812,57,Removing_scenario,Removing,8022,737,Explanation,Explanation,perspective_on
812,57,Removing_scenario,Removing,8016,729,Result,Result,perspective_on
816,554,Inclusion_scenario,Inclusion,8053,5502,Part,Part,perspective_on
816,554,Inclusion_scenario,Inclusion,8052,5501,Whole,Total,perspective_on
816,554,Inclusion_scenario,Inclusion,8054,5508,Manner,Manner,perspective_on
816,554,Inclusion_scenario,Inclusion,8056,5510,Place,Place,perspective_on
816,554,Inclusion_scenario,Inclusion,8055,5509,Time,Time,perspective_on
816,817,Inclusion_scenario,Being_included,8053,8058,Part,Part,perspective_on
816,817,Inclusion_scenario,Being_included,8052,8057,Whole,Whole,perspective_on
816,818,Inclusion_scenario,Set_relation,8053,8060,Part,Subset,inheritance
816,818,Inclusion_scenario,Set_relation,8052,8059,Whole,Superset,inheritance
816,818,Inclusion_scenario,Set_relation,8054,8061,Manner,Manner,inheritance
816,818,Inclusion_scenario,Set_relation,8056,8063,Place,Place,inheritance
816,818,Inclusion_scenario,Set_relation,8055,8062,Time,Time,inheritance
816,819,Inclusion_scenario,Wholes_and_parts,8053,8065,Part,Part,inheritance
816,819,Inclusion_scenario,Wholes_and_parts,8052,8064,Whole,Whole,inheritance
816,819,Inclusion_scenario,Wholes_and_parts,8054,8066,Manner,Manner,inheritance
816,819,Inclusion_scenario,Wholes_and_parts,8056,8068,Place,Place,inheritance
816,819,Inclusion_scenario,Wholes_and_parts,8055,8067,Time,Time,inheritance
823,822,Fragmentation_scenario,Breaking_off,8094,8085,Part_1,Subpart,perspective_on
823,822,Fragmentation_scenario,Breaking_off,8095,8086,Part_2,Whole,perspective_on
823,822,Fragmentation_scenario,Breaking_off,8096,8087,Criterion,Criterion,perspective_on
823,822,Fragmentation_scenario,Breaking_off,8098,8090,Manner,Manner,perspective_on
823,822,Fragmentation_scenario,Breaking_off,8104,8091,Means,Means,perspective_on
823,822,Fragmentation_scenario,Breaking_off,8102,8089,Place,Place,perspective_on
823,822,Fragmentation_scenario,Breaking_off,8101,8088,Time,Time,perspective_on
823,824,Fragmentation_scenario,Breaking_apart,8093,8106,Parts,Pieces,perspective_on
823,824,Fragmentation_scenario,Breaking_apart,8092,8105,Whole,Whole,perspective_on
823,824,Fragmentation_scenario,Breaking_apart,8096,8107,Criterion,Criterion,perspective_on
823,824,Fragmentation_scenario,Breaking_apart,8098,8108,Manner,Manner,perspective_on
823,824,Fragmentation_scenario,Breaking_apart,8104,8111,Means,Means,perspective_on
823,824,Fragmentation_scenario,Breaking_apart,8102,8110,Place,Place,perspective_on
823,824,Fragmentation_scenario,Breaking_apart,8101,8109,Time,Time,perspective_on
842,843,Attempt_distant_interaction_scenario,Aiming,8268,8283,Agent,Agent,subframe
842,843,Attempt_distant_interaction_scenario,Aiming,8281,8295,Instrument,Instrument,subframe
842,843,Attempt_distant_interaction_scenario,Aiming,8282,8296,Target_location,Target_location,subframe
842,843,Attempt_distant_interaction_scenario,Aiming,8270,8285,Outcome,Outcome,subframe
842,843,Attempt_distant_interaction_scenario,Aiming,8279,8293,Particular_iteration,Particular_iteration,subframe
842,843,Attempt_distant_interaction_scenario,Aiming,8269,8284,Target,Targeted,subframe
842,784,Attempt_distant_interaction_scenario,Shooting_scenario,8268,7744,Agent,Agent,inheritance
842,784,Attempt_distant_interaction_scenario,Shooting_scenario,8281,7742,Instrument,Firearm,inheritance
842,784,Attempt_distant_interaction_scenario,Shooting_scenario,8282,7746,Target_location,Goal,inheritance
842,784,Attempt_distant_interaction_scenario,Shooting_scenario,8272,7751,Degree,Degree,inheritance
842,784,Attempt_distant_interaction_scenario,Shooting_scenario,8276,7747,Manner,Manner,inheritance
842,784,Attempt_distant_interaction_scenario,Shooting_scenario,8271,7748,Means,Means,inheritance
842,784,Attempt_distant_interaction_scenario,Shooting_scenario,8275,7754,Place,Place,inheritance
842,784,Attempt_distant_interaction_scenario,Shooting_scenario,8273,7755,Time,Time,inheritance
842,784,Attempt_distant_interaction_scenario,Shooting_scenario,8274,7752,Depictive,Depictive,inheritance
842,784,Attempt_distant_interaction_scenario,Shooting_scenario,8278,7756,Purpose,Purpose,inheritance
842,844,Attempt_distant_interaction_scenario,Hit_or_miss,8268,8301,Agent,Agent,subframe
842,844,Attempt_distant_interaction_scenario,Hit_or_miss,8281,8313,Instrument,Instrument,subframe
842,844,Attempt_distant_interaction_scenario,Hit_or_miss,8282,8314,Target_location,Target_location,subframe
842,844,Attempt_distant_interaction_scenario,Hit_or_miss,8272,8305,Degree,Degree,subframe
842,844,Attempt_distant_interaction_scenario,Hit_or_miss,8270,8303,Outcome,Outcome,subframe
842,844,Attempt_distant_interaction_scenario,Hit_or_miss,8279,8311,Particular_iteration,Particular_iteration,subframe
842,844,Attempt_distant_interaction_scenario,Hit_or_miss,8269,8302,Target,Target,subframe
887,889,Attempt_obtain_food_scenario,Hunting_scenario,8678,8706,Food,Food,inheritance
887,889,Attempt_obtain_food_scenario,Hunting_scenario,8689,8717,Ground,Ground,inheritance
887,889,Attempt_obtain_food_scenario,Hunting_scenario,8677,8705,Seeker,Hunter,inheritance
887,889,Attempt_obtain_food_scenario,Hunting_scenario,8688,8716,Degree,Degree,inheritance
887,889,Attempt_obtain_food_scenario,Hunting_scenario,8680,8708,Duration,Duration,inheritance
887,889,Attempt_obtain_food_scenario,Hunting_scenario,8687,8715,Frequency,Frequency,inheritance
887,889,Attempt_obtain_food_scenario,Hunting_scenario,8679,8707,Instrument,Instrument,inheritance
887,889,Attempt_obtain_food_scenario,Hunting_scenario,8681,8709,Manner,Manner,inheritance
887,889,Attempt_obtain_food_scenario,Hunting_scenario,8682,8710,Means,Means,inheritance
887,889,Attempt_obtain_food_scenario,Hunting_scenario,8683,8711,Outcome,Outcome,inheritance
887,889,Attempt_obtain_food_scenario,Hunting_scenario,8684,8712,Place,Place,inheritance
887,889,Attempt_obtain_food_scenario,Hunting_scenario,8686,8714,Purpose,Purpose,inheritance
887,889,Attempt_obtain_food_scenario,Hunting_scenario,8685,8713,Time,Time,inheritance
887,889,Attempt_obtain_food_scenario,Hunting_scenario,8690,8718,Particular_iteration,Particular_iteration,inheritance
887,892,Attempt_obtain_food_scenario,Agriculture,8678,8737,Food,Food,inheritance
887,892,Attempt_obtain_food_scenario,Agriculture,8689,8748,Ground,Ground,inheritance
887,892,Attempt_obtain_food_scenario,Agriculture,8677,8736,Seeker,Agriculturist,inheritance
887,892,Attempt_obtain_food_scenario,Agriculture,8688,8747,Degree,Degree,inheritance
887,892,Attempt_obtain_food_scenario,Agriculture,8680,8739,Duration,Duration,inheritance
887,892,Attempt_obtain_food_scenario,Agriculture,8687,8746,Frequency,Frequency,inheritance
887,892,Attempt_obtain_food_scenario,Agriculture,8679,8738,Instrument,Instrument,inheritance
887,892,Attempt_obtain_food_scenario,Agriculture,8681,8740,Manner,Manner,inheritance
887,892,Attempt_obtain_food_scenario,Agriculture,8682,8741,Means,Means,inheritance
887,892,Attempt_obtain_food_scenario,Agriculture,8683,8742,Outcome,Outcome,inheritance
887,892,Attempt_obtain_food_scenario,Agriculture,8684,8743,Place,Place,inheritance
887,892,Attempt_obtain_food_scenario,Agriculture,8686,8745,Purpose,Purpose,inheritance
887,892,Attempt_obtain_food_scenario,Agriculture,8685,8744,Time,Time,inheritance
887,892,Attempt_obtain_food_scenario,Agriculture,8690,8749,Particular_iteration,Particular_iteration,inheritance
889,890,Hunting_scenario,Hunting_success_or_failure,8706,8720,Food,Food,subframe
889,890,Hunting_scenario,Hunting_success_or_failure,8705,8719,Hunter,Hunter,subframe
889,890,Hunting_scenario,Hunting_success_or_failure,8716,8728,Degree,Degree,subframe
889,890,Hunting_scenario,Hunting_success_or_failure,8715,8727,Frequency,Frequency,subframe
889,890,Hunting_scenario,Hunting_success_or_failure,8707,8721,Instrument,Instrument,subframe
889,890,Hunting_scenario,Hunting_success_or_failure,8709,8722,Manner,Manner,subframe
889,890,Hunting_scenario,Hunting_success_or_failure,8710,8723,Means,Means,subframe
889,890,Hunting_scenario,Hunting_success_or_failure,8712,8724,Place,Place,subframe
889,890,Hunting_scenario,Hunting_success_or_failure,8714,8726,Purpose,Purpose,subframe
889,890,Hunting_scenario,Hunting_success_or_failure,8713,8725,Time,Time,subframe
889,890,Hunting_scenario,Hunting_success_or_failure,8718,8729,Particular_iteration,Particular_iteration,subframe
889,886,Hunting_scenario,Hunting,8706,8663,Food,Food,subframe
889,886,Hunting_scenario,Hunting,8717,8674,Ground,Ground,subframe
889,886,Hunting_scenario,Hunting,8705,8662,Hunter,Hunter,subframe
889,886,Hunting_scenario,Hunting,8716,8673,Degree,Degree,subframe
889,886,Hunting_scenario,Hunting,8708,8665,Duration,Duration,subframe
889,886,Hunting_scenario,Hunting,8715,8672,Frequency,Frequency,subframe
889,886,Hunting_scenario,Hunting,8707,8664,Instrument,Instrument,subframe
889,886,Hunting_scenario,Hunting,8709,8666,Manner,Manner,subframe
889,886,Hunting_scenario,Hunting,8710,8667,Means,Means,subframe
889,886,Hunting_scenario,Hunting,8711,8668,Outcome,Outcome,subframe
889,886,Hunting_scenario,Hunting,8712,8669,Place,Place,subframe
889,886,Hunting_scenario,Hunting,8714,8671,Purpose,Purpose,subframe
889,886,Hunting_scenario,Hunting,8713,8670,Time,Time,subframe
889,886,Hunting_scenario,Hunting,8718,8675,Particular_iteration,Particular_iteration,subframe
903,900,Invasion_scenario,Conquering,8839,8801,Attacked,Theme,subframe
903,900,Invasion_scenario,Conquering,8838,8800,Invader,Conqueror,subframe
903,900,Invasion_scenario,Conquering,8840,8802,Degree,Degree,subframe
903,900,Invasion_scenario,Conquering,8846,8808,Instrument,Instrument,subframe
903,900,Invasion_scenario,Conquering,8841,8803,Manner,Manner,subframe
903,900,Invasion_scenario,Conquering,8842,8804,Means,Means,subframe
903,900,Invasion_scenario,Conquering,8843,8805,Place,Place,subframe
903,900,Invasion_scenario,Conquering,8844,8806,Time,Time,subframe
903,900,Invasion_scenario,Conquering,8845,8807,Purpose,Purpose,subframe
903,901,Invasion_scenario,Invading,8839,8811,Attacked,Land,subframe
903,901,Invasion_scenario,Invading,8838,8813,Invader,Invader,subframe
903,901,Invasion_scenario,Invading,8846,8812,Instrument,Weapon,subframe
903,901,Invasion_scenario,Invading,8841,8814,Manner,Manner,subframe
903,901,Invasion_scenario,Invading,8842,8815,Means,Means,subframe
903,901,Invasion_scenario,Invading,8843,8816,Place,Place,subframe
903,901,Invasion_scenario,Invading,8844,8819,Time,Time,subframe
903,901,Invasion_scenario,Invading,8845,8817,Purpose,Purpose,subframe
903,904,Invasion_scenario,Repel,8839,8848,Attacked,Defender,subframe
903,904,Invasion_scenario,Repel,8838,8847,Invader,Enemy,subframe
903,904,Invasion_scenario,Repel,8840,8849,Degree,Degree,subframe
903,904,Invasion_scenario,Repel,8846,8855,Instrument,Instrument,subframe
903,904,Invasion_scenario,Repel,8841,8850,Manner,Manner,subframe
903,904,Invasion_scenario,Repel,8842,8851,Means,Means,subframe
903,904,Invasion_scenario,Repel,8843,8852,Place,Place,subframe
903,904,Invasion_scenario,Repel,8844,8853,Time,Time,subframe
903,904,Invasion_scenario,Repel,8845,8854,Purpose,Purpose,subframe
934,288,Cycle_of_existence_scenario,Coming_to_be,9231,3023,Entity,Entity,subframe
934,439,Cycle_of_existence_scenario,Existence,9231,4454,Entity,Entity,subframe
934,936,Cycle_of_existence_scenario,Ceasing_to_be,9231,9237,Entity,Entity,subframe
934,937,Cycle_of_existence_scenario,Out_of_existence,9231,9247,Entity,Entity,subframe
934,938,Cycle_of_existence_scenario,Cycle_of_life_and_death,9231,9255,Entity,Protagonist,inheritance
935,940,Socially_significant_history_scenario,History,9236,9260,Domain,Domain,perspective_on
935,940,Socially_significant_history_scenario,History,9234,9265,Time,Time,perspective_on
939,935,History_scenario,Socially_significant_history_scenario,9256,9232,Event,Event,inheritance
939,935,History_scenario,Socially_significant_history_scenario,9257,9233,Place,Place,inheritance
939,935,History_scenario,Socially_significant_history_scenario,9258,9234,Time,Time,inheritance
939,848,History_scenario,Individual_history,9258,8365,Time,Time,perspective_on
944,133,Delimited_state_scenario,Process_continue,9283,1560,Duration,Duration,perspective_on
944,133,Delimited_state_scenario,Process_continue,9284,1561,State,Event,perspective_on
944,943,Delimited_state_scenario,Duration_scenario,9283,9278,Duration,Duration,perspective_on
944,943,Delimited_state_scenario,Duration_scenario,9284,9282,State,Event,perspective_on
944,954,Delimited_state_scenario,Timespan,9283,9361,Duration,Duration,perspective_on
944,954,Delimited_state_scenario,Timespan,9284,9362,State,State,perspective_on
973,1002,Attempt_obtain_mineral_scenario,Mining,9494,9664,Agent,Miner,inheritance
973,1002,Attempt_obtain_mineral_scenario,Mining,9500,9665,Mineral,Resource,inheritance
973,1002,Attempt_obtain_mineral_scenario,Mining,9496,9667,Means,Means,inheritance
973,1002,Attempt_obtain_mineral_scenario,Mining,9495,9668,Outcome,Outcome,inheritance
973,1002,Attempt_obtain_mineral_scenario,Mining,9498,9666,Place,Place,inheritance
973,1002,Attempt_obtain_mineral_scenario,Mining,9497,9669,Time,Time,inheritance
975,605,Response_scenario,Response,9515,5901,Agent,Agent,perspective_on
975,605,Response_scenario,Response,9512,5895,Responding_entity,Responding_entity,perspective_on
975,605,Response_scenario,Response,9514,5894,Response,Response,perspective_on
975,605,Response_scenario,Response,9513,5896,Trigger,Trigger,perspective_on
975,605,Response_scenario,Response,9516,5898,Manner,Manner,perspective_on
975,605,Response_scenario,Response,9517,5899,Place,Place,perspective_on
975,605,Response_scenario,Response,9518,5900,Purpose,Purpose,perspective_on
975,605,Response_scenario,Response,9519,5897,Time,Time,perspective_on
975,976,Response_scenario,Meet_with_response,9514,9521,Response,Response,perspective_on
975,976,Response_scenario,Meet_with_response,9513,9520,Trigger,Trigger,perspective_on
975,976,Response_scenario,Meet_with_response,9516,9522,Manner,Manner,perspective_on
975,976,Response_scenario,Meet_with_response,9517,9523,Place,Place,perspective_on
975,976,Response_scenario,Meet_with_response,9519,9524,Time,Time,perspective_on
1165,461,Birth_scenario,Being_born,10999,4701,Offspring,Child,perspective_on
1165,461,Birth_scenario,Being_born,11002,4704,Parents,Relatives,perspective_on
1165,461,Birth_scenario,Being_born,11004,4703,Place,Place,perspective_on
1165,461,Birth_scenario,Being_born,11003,4702,Time,Time,perspective_on
1165,1138,Birth_scenario,Medical_interaction_scenario,,,,,
1165,256,Birth_scenario,Giving_birth,11001,2707,Father,Father,perspective_on
1165,256,Birth_scenario,Giving_birth,11000,2705,Mother,Mother,perspective_on
1165,256,Birth_scenario,Giving_birth,10999,2706,Offspring,Child,perspective_on
1165,256,Birth_scenario,Giving_birth,11002,2714,Parents,Parents,perspective_on
1165,256,Birth_scenario,Giving_birth,11005,2716,Manner,Manner,perspective_on
1165,256,Birth_scenario,Giving_birth,11004,2708,Place,Place,perspective_on
1165,256,Birth_scenario,Giving_birth,11003,2709,Time,Time,perspective_on
1204,1165,Sexual_reproduction_scenario,Birth_scenario,11304,11001,Father,Father,subframe
1204,1165,Sexual_reproduction_scenario,Birth_scenario,11305,11000,Mother,Mother,subframe
1204,1165,Sexual_reproduction_scenario,Birth_scenario,11306,10999,Offspring,Offspring,subframe
1204,1165,Sexual_reproduction_scenario,Birth_scenario,11303,11002,Parents,Parents,subframe
1204,1202,Sexual_reproduction_scenario,Procreative_sex,11303,11289,Parents,Participants,subframe
1095,59,Operate_vehicle_scenario,Operate_vehicle,10404,775,Area,Area,subframe
1095,59,Operate_vehicle_scenario,Operate_vehicle,10403,772,Goal,Goal,subframe
1095,59,Operate_vehicle_scenario,Operate_vehicle,10399,768,Operator,Driver,subframe
1095,59,Operate_vehicle_scenario,Operate_vehicle,10402,771,Path,Path,subframe
1095,59,Operate_vehicle_scenario,Operate_vehicle,10401,770,Source,Source,subframe
1095,59,Operate_vehicle_scenario,Operate_vehicle,10400,769,Vehicle,Vehicle,subframe
1095,59,Operate_vehicle_scenario,Operate_vehicle,10407,773,Manner,Manner,subframe
1095,59,Operate_vehicle_scenario,Operate_vehicle,10408,778,Means,Means,subframe
1095,59,Operate_vehicle_scenario,Operate_vehicle,10405,784,Place,Place,subframe
1095,59,Operate_vehicle_scenario,Operate_vehicle,10406,786,Time,Time,subframe
1095,1094,Operate_vehicle_scenario,Cause_to_land,10403,10383,Goal,Goal,subframe
1095,1094,Operate_vehicle_scenario,Cause_to_land,10399,10398,Operator,Operator,subframe
1095,1094,Operate_vehicle_scenario,Cause_to_land,10402,10382,Path,Path,subframe
1095,1094,Operate_vehicle_scenario,Cause_to_land,10401,10381,Source,Source,subframe
1095,1094,Operate_vehicle_scenario,Cause_to_land,10400,10380,Vehicle,Vehicle,subframe
1095,1094,Operate_vehicle_scenario,Cause_to_land,10407,10384,Manner,Manner,subframe
1095,1094,Operate_vehicle_scenario,Cause_to_land,10408,10385,Means,Means,subframe
1095,1094,Operate_vehicle_scenario,Cause_to_land,10405,10397,Place,Place,subframe
1095,1094,Operate_vehicle_scenario,Cause_to_land,10406,10387,Time,Time,subframe
1095,637,Operate_vehicle_scenario,Getting_vehicle_underway,10399,6215,Operator,Driver,subframe
1095,637,Operate_vehicle_scenario,Getting_vehicle_underway,10401,6217,Source,Source,subframe
1095,637,Operate_vehicle_scenario,Getting_vehicle_underway,10400,6216,Vehicle,Vehicle,subframe
1095,637,Operate_vehicle_scenario,Getting_vehicle_underway,10407,6219,Manner,Manner,subframe
1095,637,Operate_vehicle_scenario,Getting_vehicle_underway,10408,6221,Means,Means,subframe
1095,637,Operate_vehicle_scenario,Getting_vehicle_underway,10405,6225,Place,Place,subframe
1095,637,Operate_vehicle_scenario,Getting_vehicle_underway,10406,6227,Time,Time,subframe
1355,217,Sports_scenario,Competition,12361,2307,Athlete,Participant_1,subframe
1355,217,Sports_scenario,Competition,12361,2309,Athlete,Participants,subframe
1355,217,Sports_scenario,Competition,12361,2308,Athlete,Participant_2,subframe
1355,217,Sports_scenario,Competition,12362,2310,Sport,Competition,subframe
1355,217,Sports_scenario,Competition,12373,2319,Duration,Duration,subframe
1355,217,Sports_scenario,Competition,12530,2316,Manner,Manner,subframe
1355,217,Sports_scenario,Competition,12374,2320,Purpose,Purpose,subframe
1355,217,Sports_scenario,Competition,12366,2318,Time,Time,subframe
1355,217,Sports_scenario,Competition,12363,2314,Venue,Venue,subframe
1355,1328,Sports_scenario,Sports_event,,,,,
1355,656,Sports_scenario,Infrastructure,,,,,
293,472,Employment_scenario,Employment_start,3085,4821,Employee,Employee,subframe
293,472,Employment_scenario,Employment_start,3086,4822,Employer,Employer,subframe
293,472,Employment_scenario,Employment_start,3088,4828,Task,Task,subframe
293,472,Employment_scenario,Employment_start,3084,4823,Compensation,Compensation,subframe
293,472,Employment_scenario,Employment_start,3089,4824,Field,Field,subframe
293,472,Employment_scenario,Employment_start,3087,4827,Position,Position,subframe
293,473,Employment_scenario,Employment_continue,3085,4830,Employee,Employee,subframe
293,473,Employment_scenario,Employment_continue,3086,4831,Employer,Employer,subframe
293,473,Employment_scenario,Employment_continue,3088,4838,Task,Task,subframe
293,473,Employment_scenario,Employment_continue,3084,4832,Compensation,Compensation,subframe
293,473,Employment_scenario,Employment_continue,3090,4833,Duration,Duration,subframe
293,473,Employment_scenario,Employment_continue,3089,4834,Field,Field,subframe
293,473,Employment_scenario,Employment_continue,3087,4837,Position,Position,subframe
293,474,Employment_scenario,Employment_end,3085,4840,Employee,Employee,subframe
293,474,Employment_scenario,Employment_end,3086,4841,Employer,Employer,subframe
293,474,Employment_scenario,Employment_end,3087,4844,Position,Position,subframe
293,618,Employment_scenario,Fields,3085,6049,Employee,Practitioner,using
293,618,Employment_scenario,Fields,3088,6048,Task,Activity,using
293,618,Employment_scenario,Fields,3087,6051,Position,Work,using
293,521,Employment_scenario,Employee_scenario,3085,5172,Employee,Employee,perspective_on
293,521,Employment_scenario,Employee_scenario,3086,5173,Employer,Employer,perspective_on
293,521,Employment_scenario,Employee_scenario,3088,5175,Task,Task,perspective_on
293,521,Employment_scenario,Employee_scenario,3084,5171,Compensation,Compensation,perspective_on
293,521,Employment_scenario,Employee_scenario,3090,5177,Duration,Duration,perspective_on
293,521,Employment_scenario,Employee_scenario,3089,5176,Field,Field,perspective_on
293,521,Employment_scenario,Employee_scenario,3087,5174,Position,Position,perspective_on
293,522,Employment_scenario,Employer_scenario,3085,5179,Employee,Employee,perspective_on
293,522,Employment_scenario,Employer_scenario,3086,5180,Employer,Employer,perspective_on
293,522,Employment_scenario,Employer_scenario,3088,5182,Task,Task,perspective_on
293,522,Employment_scenario,Employer_scenario,3084,5178,Compensation,Compensation,perspective_on
293,522,Employment_scenario,Employer_scenario,3090,5184,Duration,Duration,perspective_on
293,522,Employment_scenario,Employer_scenario,3089,5183,Field,Field,perspective_on
293,522,Employment_scenario,Employer_scenario,3087,5181,Position,Position,perspective_on
521,296,Employee_scenario,Get_a_job,5172,3120,Employee,Employee,subframe
521,296,Employee_scenario,Get_a_job,5173,3121,Employer,Employer,subframe
521,296,Employee_scenario,Get_a_job,5175,3126,Task,Task,subframe
521,296,Employee_scenario,Get_a_job,5171,3119,Compensation,Compensation,subframe
521,296,Employee_scenario,Get_a_job,5174,3124,Position,Position,subframe
521,257,Employee_scenario,Being_employed,5172,2718,Employee,Employee,subframe
521,257,Employee_scenario,Being_employed,5173,2719,Employer,Employer,subframe
521,257,Employee_scenario,Being_employed,5175,2724,Task,Task,subframe
521,257,Employee_scenario,Being_employed,5171,2717,Compensation,Compensation,subframe
521,257,Employee_scenario,Being_employed,5177,2727,Duration,Duration,subframe
521,257,Employee_scenario,Being_employed,5176,2726,Field,Field,subframe
521,257,Employee_scenario,Being_employed,5174,2722,Position,Position,subframe
521,297,Employee_scenario,Quitting,5172,3130,Employee,Employee,subframe
521,297,Employee_scenario,Quitting,5173,3131,Employer,Employer,subframe
521,297,Employee_scenario,Quitting,5176,3132,Field,Field,subframe
521,297,Employee_scenario,Quitting,5174,3135,Position,Position,subframe
522,294,Employer_scenario,Hiring,5179,3091,Employee,Employee,subframe
522,294,Employer_scenario,Hiring,5180,3092,Employer,Employer,subframe
522,294,Employer_scenario,Hiring,5182,3098,Task,Task,subframe
522,294,Employer_scenario,Hiring,5178,3093,Compensation,Compensation,subframe
522,294,Employer_scenario,Hiring,5183,3100,Field,Field,subframe
522,294,Employer_scenario,Hiring,5181,3099,Position,Position,subframe
522,295,Employer_scenario,Employing,5179,3106,Employee,Employee,subframe
522,295,Employer_scenario,Employing,5180,3107,Employer,Employer,subframe
522,295,Employer_scenario,Employing,5182,3113,Task,Task,subframe
522,295,Employer_scenario,Employing,5178,3105,Compensation,Compensation,subframe
522,295,Employer_scenario,Employing,5184,3115,Duration,Duration,subframe
522,295,Employer_scenario,Employing,5183,3108,Field,Field,subframe
522,295,Employer_scenario,Employing,5181,3111,Position,Position,subframe
522,298,Employer_scenario,Firing,5179,3140,Employee,Employee,subframe
522,298,Employer_scenario,Firing,5180,3141,Employer,Employer,subframe
522,298,Employer_scenario,Firing,5182,3146,Task,Task,subframe
522,298,Employer_scenario,Firing,5181,3144,Position,Position,subframe
943,942,Duration_scenario,Duration_relation,9278,9273,Duration,Duration,perspective_on
943,942,Duration_scenario,Duration_relation,9282,9271,Event,Eventuality,perspective_on
943,942,Duration_scenario,Duration_relation,9276,9272,Period,Period,perspective_on
943,201,Duration_scenario,Measure_duration,9281,2173,Count,Count,perspective_on
943,201,Duration_scenario,Measure_duration,9282,2175,Event,Process,perspective_on
943,201,Duration_scenario,Measure_duration,9280,2174,Unit,Unit,perspective_on
943,73,Duration_scenario,Duration_description,9279,953,Degree,Degree,perspective_on
943,73,Duration_scenario,Duration_description,9282,951,Event,Eventuality,perspective_on
943,73,Duration_scenario,Duration_description,9276,952,Period,Period,perspective_on
784,264,Shooting_scenario,Shoot_projectiles,7744,2812,Agent,Agent,perspective_on
784,264,Shooting_scenario,Shoot_projectiles,7743,2811,Projectile,Projectile,perspective_on
784,264,Shooting_scenario,Shoot_projectiles,7753,2821,Area,Area,perspective_on
784,264,Shooting_scenario,Shoot_projectiles,7751,2819,Degree,Degree,perspective_on
784,264,Shooting_scenario,Shoot_projectiles,7745,2813,Distance,Distance,perspective_on
784,264,Shooting_scenario,Shoot_projectiles,7742,2810,Firearm,Firearm,perspective_on
784,264,Shooting_scenario,Shoot_projectiles,7746,2814,Goal,Goal,perspective_on
784,264,Shooting_scenario,Shoot_projectiles,7747,2815,Manner,Manner,perspective_on
784,264,Shooting_scenario,Shoot_projectiles,7748,2816,Means,Means,perspective_on
784,264,Shooting_scenario,Shoot_projectiles,7749,2817,Path,Path,perspective_on
784,264,Shooting_scenario,Shoot_projectiles,7754,2822,Place,Place,perspective_on
784,264,Shooting_scenario,Shoot_projectiles,7756,2824,Purpose,Purpose,perspective_on
784,264,Shooting_scenario,Shoot_projectiles,7750,2818,Source,Source,perspective_on
784,264,Shooting_scenario,Shoot_projectiles,7755,2823,Time,Time,perspective_on
784,264,Shooting_scenario,Shoot_projectiles,7752,2820,Depictive,Depictive,perspective_on
784,265,Shooting_scenario,Use_firearm,7744,2825,Agent,Agent,perspective_on
784,265,Shooting_scenario,Use_firearm,7753,2835,Area,Area,perspective_on
784,265,Shooting_scenario,Use_firearm,7742,2826,Firearm,Firearm,perspective_on
784,265,Shooting_scenario,Use_firearm,7746,2832,Goal,Goal,perspective_on
784,265,Shooting_scenario,Use_firearm,7747,2828,Manner,Manner,perspective_on
784,265,Shooting_scenario,Use_firearm,7748,2827,Means,Means,perspective_on
784,265,Shooting_scenario,Use_firearm,7749,2833,Path,Path,perspective_on
784,265,Shooting_scenario,Use_firearm,7754,2829,Place,Place,perspective_on
784,265,Shooting_scenario,Use_firearm,7756,2830,Purpose,Purpose,perspective_on
784,265,Shooting_scenario,Use_firearm,7750,2834,Source,Source,perspective_on
784,265,Shooting_scenario,Use_firearm,7755,2831,Time,Time,perspective_on
784,265,Shooting_scenario,Use_firearm,7752,2837,Depictive,Depictive,perspective_on
784,406,Shooting_scenario,Hit_target,7744,4198,Agent,Agent,using
784,406,Shooting_scenario,Hit_target,7743,4204,Projectile,Instrument,using
784,406,Shooting_scenario,Hit_target,7742,4204,Firearm,Instrument,using
784,406,Shooting_scenario,Hit_target,7747,4205,Manner,Manner,using
784,406,Shooting_scenario,Hit_target,7748,4203,Means,Means,using
784,406,Shooting_scenario,Hit_target,7754,4201,Place,Place,using
784,406,Shooting_scenario,Hit_target,7756,4199,Purpose,Purpose,using
214,3,Motion_scenario,Motion,2266,33,Area,Area,perspective_on
214,3,Motion_scenario,Motion,2268,34,Distance,Distance,perspective_on
214,3,Motion_scenario,Motion,2264,37,Duration,Duration,perspective_on
214,3,Motion_scenario,Motion,2269,32,Goal,Goal,perspective_on
214,3,Motion_scenario,Motion,2270,31,Path,Path,perspective_on
214,3,Motion_scenario,Motion,2271,30,Source,Source,perspective_on
214,3,Motion_scenario,Motion,2272,35,Speed,Speed,perspective_on
214,3,Motion_scenario,Motion,2273,29,Theme,Theme,perspective_on
214,3,Motion_scenario,Motion,2265,38,Time,Time,perspective_on
214,620,Motion_scenario,Source_of_getting,2269,6071,Goal,Goal,perspective_on
214,620,Motion_scenario,Source_of_getting,2271,6070,Source,Source,perspective_on
214,620,Motion_scenario,Source_of_getting,2273,6069,Theme,Theme,perspective_on
214,1095,Motion_scenario,Operate_vehicle_scenario,2266,10404,Area,Area,using
214,1095,Motion_scenario,Operate_vehicle_scenario,2269,10403,Goal,Goal,using
214,1095,Motion_scenario,Operate_vehicle_scenario,2270,10402,Path,Path,using
214,1095,Motion_scenario,Operate_vehicle_scenario,2271,10401,Source,Source,using
214,1095,Motion_scenario,Operate_vehicle_scenario,2273,10400,Theme,Vehicle,using
214,1095,Motion_scenario,Operate_vehicle_scenario,2265,10406,Time,Time,using
214,610,Motion_scenario,Traversing,2266,5948,Area,Area,perspective_on
214,610,Motion_scenario,Traversing,2267,5952,Cotheme,Cotheme,perspective_on
214,610,Motion_scenario,Traversing,2268,5947,Distance,Distance,perspective_on
214,610,Motion_scenario,Traversing,2264,5960,Duration,Duration,perspective_on
214,610,Motion_scenario,Traversing,2269,5945,Goal,Goal,perspective_on
214,610,Motion_scenario,Traversing,2270,5944,Path,Path,perspective_on
214,610,Motion_scenario,Traversing,2271,5943,Source,Source,perspective_on
214,610,Motion_scenario,Traversing,2272,5951,Speed,Speed,perspective_on
214,610,Motion_scenario,Traversing,2273,5942,Theme,Theme,perspective_on
214,610,Motion_scenario,Traversing,2265,5957,Time,Time,perspective_on
214,562,Motion_scenario,Source_path_goal,2269,5567,Goal,Goal,perspective_on
214,562,Motion_scenario,Source_path_goal,2274,5568,Mode_of_transportation,Means,perspective_on
214,562,Motion_scenario,Source_path_goal,2270,5566,Path,Path,perspective_on
214,562,Motion_scenario,Source_path_goal,2271,5565,Source,Source,perspective_on
214,562,Motion_scenario,Source_path_goal,2273,5564,Theme,Trajector,perspective_on
602,308,Change_of_phase_scenario,Change_of_phase,5855,3224,Patient,Patient,subframe
602,308,Change_of_phase_scenario,Change_of_phase,5858,3227,Degree,Degree,subframe
602,308,Change_of_phase_scenario,Change_of_phase,5857,3226,Initial_state,Initial_state,subframe
602,308,Change_of_phase_scenario,Change_of_phase,5860,3229,Manner,Manner,subframe
602,308,Change_of_phase_scenario,Change_of_phase,5861,3230,Place,Place,subframe
602,308,Change_of_phase_scenario,Change_of_phase,5859,3228,Speed,Speed,subframe
602,308,Change_of_phase_scenario,Change_of_phase,5862,3231,Time,Time,subframe
602,308,Change_of_phase_scenario,Change_of_phase,5863,3232,Circumstances,Circumstances,subframe
602,308,Change_of_phase_scenario,Change_of_phase,5856,3225,Result,Result,subframe
602,308,Change_of_phase_scenario,Change_of_phase,5864,3233,Subregion,Subregion,subframe
602,355,Change_of_phase_scenario,Substance_by_phase,5855,3700,Patient,Substance,subframe
602,355,Change_of_phase_scenario,Substance_by_phase,5864,3701,Subregion,Subregion,subframe
1138,1483,Medical_interaction_scenario,Healthcare_service,10807,13377,Healthcare_professional,Healthcare_professional,subframe
1138,1483,Medical_interaction_scenario,Healthcare_service,10811,13376,Patient,Pacient,subframe
1138,1480,Medical_interaction_scenario,Take_a_medical_exam,,,,,
1138,1464,Medical_interaction_scenario,Symptoms,,,,,
1138,231,Medical_interaction_scenario,Medical_specialties,10808,2452,Affliction,Affliction,using
1138,231,Medical_interaction_scenario,Medical_specialties,10809,2451,Body_system,Body_system,using
1138,230,Medical_interaction_scenario,Medical_professionals,10808,2439,Affliction,Affliction,using
1138,230,Medical_interaction_scenario,Medical_professionals,10807,2438,Healthcare_professional,Professional,using
1138,230,Medical_interaction_scenario,Medical_professionals,10809,2440,Body_system,Body_system,using
1138,230,Medical_interaction_scenario,Medical_professionals,10810,2446,Healthcare_center,Place_of_employment,using
1138,45,Medical_interaction_scenario,Recovery,,,,,
1138,1155,Medical_interaction_scenario,Medical_intervention,,,,,
1138,215,Medical_interaction_scenario,Medical_conditions,,,,,
1138,1469,Medical_interaction_scenario,People_by_health_condition,,,,,
445,180,Crime_scenario,Criminal_process,4539,1979,Suspect,Defendant,subframe
445,408,Crime_scenario,Criminal_investigation,4543,4217,Authorities,Investigator,subframe
445,408,Crime_scenario,Criminal_investigation,4541,4218,Crime,Incident,subframe
445,408,Crime_scenario,Criminal_investigation,4539,4221,Suspect,Suspect,subframe
445,446,Crime_scenario,Committing_crime,4541,4545,Crime,Crime,subframe
445,446,Crime_scenario,Committing_crime,4540,4544,Perpetrator,Perpetrator,subframe
852,853,Visitor_scenario,Visitor_arrival,8399,8403,Agent,Agent,subframe
852,853,Visitor_scenario,Visitor_arrival,8400,8406,Entity,Goal,subframe
852,853,Visitor_scenario,Visitor_arrival,8402,8404,Normal_location,Normal_location,subframe
852,853,Visitor_scenario,Visitor_arrival,8401,8411,Purpose,Purpose,subframe
852,851,Visitor_scenario,Visiting,8399,8386,Agent,Agent,subframe
852,851,Visitor_scenario,Visiting,8400,8387,Entity,Entity,subframe
852,851,Visitor_scenario,Visiting,8402,8390,Normal_location,Normal_location,subframe
852,851,Visitor_scenario,Visiting,8401,8389,Purpose,Purpose,subframe
852,854,Visitor_scenario,Visitor_departure,8399,8413,Agent,Agent,subframe
852,854,Visitor_scenario,Visitor_departure,8400,8414,Entity,Source,subframe
852,854,Visitor_scenario,Visitor_departure,8401,8424,Purpose,Purpose,subframe
852,869,Visitor_scenario,Visit_host,8399,8528,Agent,Visitor,inheritance
852,869,Visitor_scenario,Visit_host,8400,8529,Entity,Host,inheritance
852,869,Visitor_scenario,Visit_host,8402,8531,Normal_location,Normal_location,inheritance
852,869,Visitor_scenario,Visit_host,8401,8530,Purpose,Purpose,inheritance
856,855,Lodging_scenario,Provide_lodging,8435,8425,Host,Host,perspective_on
856,855,Lodging_scenario,Provide_lodging,8436,8426,Lodger,Lodger,perspective_on
856,855,Lodging_scenario,Provide_lodging,8439,8434,Residence,Residence,perspective_on
856,855,Lodging_scenario,Provide_lodging,8438,8429,Place,Place,perspective_on
856,855,Lodging_scenario,Provide_lodging,8437,8428,Time,Time,perspective_on
856,835,Lodging_scenario,Temporary_stay,8435,8200,Host,Host,perspective_on
856,835,Lodging_scenario,Temporary_stay,8436,8195,Lodger,Guest,perspective_on
856,835,Lodging_scenario,Temporary_stay,8439,8196,Residence,Location,perspective_on
856,835,Lodging_scenario,Temporary_stay,8438,8196,Place,Location,perspective_on
856,835,Lodging_scenario,Temporary_stay,8437,8199,Time,Time,perspective_on
870,871,Visiting_scenario,Visitor_and_host,8533,8537,Agent,Visitor,inheritance
870,871,Visiting_scenario,Visitor_and_host,8534,8538,Entity,Host,inheritance
870,871,Visiting_scenario,Visitor_and_host,8536,8540,Normal_location,Normal_location,inheritance
870,871,Visiting_scenario,Visitor_and_host,8535,8539,Purpose,Purpose,inheritance
870,852,Visiting_scenario,Visitor_scenario,8533,8399,Agent,Agent,perspective_on
870,852,Visiting_scenario,Visitor_scenario,8534,8400,Entity,Entity,perspective_on
870,852,Visiting_scenario,Visitor_scenario,8536,8402,Normal_location,Normal_location,perspective_on
870,852,Visiting_scenario,Visitor_scenario,8535,8401,Purpose,Purpose,perspective_on
870,872,Visiting_scenario,Visiting_scenario_arrival,8533,8542,Agent,Agent,subframe
870,872,Visiting_scenario,Visiting_scenario_arrival,8534,8545,Entity,Goal,subframe
870,872,Visiting_scenario,Visiting_scenario_arrival,8536,8543,Normal_location,Normal_location,subframe
870,872,Visiting_scenario,Visiting_scenario_arrival,8535,8550,Purpose,Purpose,subframe
870,873,Visiting_scenario,Visiting_scenario_departing,8533,8552,Agent,Agent,subframe
870,873,Visiting_scenario,Visiting_scenario_departing,8534,8553,Entity,Source,subframe
870,873,Visiting_scenario,Visiting_scenario_departing,8535,8563,Purpose,Purpose,subframe
870,874,Visiting_scenario,Visiting_scenario_stay,8533,8564,Agent,Agent,subframe
870,874,Visiting_scenario,Visiting_scenario_stay,8534,8565,Entity,Entity,subframe
870,874,Visiting_scenario,Visiting_scenario_stay,8536,8568,Normal_location,Normal_location,subframe
870,874,Visiting_scenario,Visiting_scenario_stay,8535,8567,Purpose,Purpose,subframe
872,853,Visiting_scenario_arrival,Visitor_arrival,8542,8403,Agent,Agent,inheritance
872,853,Visiting_scenario_arrival,Visitor_arrival,8545,8406,Goal,Goal,inheritance
872,853,Visiting_scenario_arrival,Visitor_arrival,8546,8407,Manner,Manner,inheritance
872,853,Visiting_scenario_arrival,Visitor_arrival,8547,8408,Means,Means,inheritance
872,853,Visiting_scenario_arrival,Visitor_arrival,8548,8409,Mode_of_transportation,Mode_of_transportation,inheritance
872,853,Visiting_scenario_arrival,Visitor_arrival,8543,8404,Normal_location,Normal_location,inheritance
872,853,Visiting_scenario_arrival,Visitor_arrival,8544,8405,Path,Path,inheritance
872,853,Visiting_scenario_arrival,Visitor_arrival,8550,8411,Purpose,Purpose,inheritance
872,853,Visiting_scenario_arrival,Visitor_arrival,8549,8410,Time,Time,inheritance
872,874,Visiting_scenario_arrival,Visiting_scenario_stay,8542,8564,Agent,Agent,precedes
872,874,Visiting_scenario_arrival,Visiting_scenario_stay,8545,8565,Goal,Entity,precedes
872,874,Visiting_scenario_arrival,Visiting_scenario_stay,8546,8571,Manner,Manner,precedes
872,874,Visiting_scenario_arrival,Visiting_scenario_stay,8547,8573,Means,Means,precedes
872,874,Visiting_scenario_arrival,Visiting_scenario_stay,8543,8568,Normal_location,Normal_location,precedes
872,874,Visiting_scenario_arrival,Visiting_scenario_stay,8550,8567,Purpose,Purpose,precedes
872,874,Visiting_scenario_arrival,Visiting_scenario_stay,8549,8569,Time,Time,precedes
872,876,Visiting_scenario_arrival,Visit_host_arrival,8542,8592,Agent,Visitor,inheritance
872,876,Visiting_scenario_arrival,Visit_host_arrival,8545,8595,Goal,Host,inheritance
872,876,Visiting_scenario_arrival,Visit_host_arrival,8546,8596,Manner,Manner,inheritance
872,876,Visiting_scenario_arrival,Visit_host_arrival,8547,8597,Means,Means,inheritance
872,876,Visiting_scenario_arrival,Visit_host_arrival,8548,8598,Mode_of_transportation,Mode_of_transportation,inheritance
872,876,Visiting_scenario_arrival,Visit_host_arrival,8543,8593,Normal_location,Normal_location,inheritance
872,876,Visiting_scenario_arrival,Visit_host_arrival,8544,8594,Path,Path,inheritance
872,876,Visiting_scenario_arrival,Visit_host_arrival,8550,8600,Purpose,Purpose,inheritance
872,876,Visiting_scenario_arrival,Visit_host_arrival,8549,8599,Time,Time,inheritance
873,854,Visiting_scenario_departing,Visitor_departure,8552,8413,Agent,Agent,inheritance
873,854,Visiting_scenario_departing,Visitor_departure,8553,8414,Source,Source,inheritance
873,854,Visiting_scenario_departing,Visitor_departure,8560,8421,Distance,Distance,inheritance
873,854,Visiting_scenario_departing,Visitor_departure,8555,8416,Goal,Goal,inheritance
873,854,Visiting_scenario_departing,Visitor_departure,8556,8417,Manner,Manner,inheritance
873,854,Visiting_scenario_departing,Visitor_departure,8557,8418,Means,Means,inheritance
873,854,Visiting_scenario_departing,Visitor_departure,8559,8420,Mode_of_transportation,Mode_of_transportation,inheritance
873,854,Visiting_scenario_departing,Visitor_departure,8554,8415,Path,Path,inheritance
873,854,Visiting_scenario_departing,Visitor_departure,8562,8423,Place,Place,inheritance
873,854,Visiting_scenario_departing,Visitor_departure,8563,8424,Purpose,Purpose,inheritance
873,854,Visiting_scenario_departing,Visitor_departure,8558,8419,Speed,Speed,inheritance
873,854,Visiting_scenario_departing,Visitor_departure,8561,8422,Time,Time,inheritance
873,878,Visiting_scenario_departing,Visit_host_departure,8552,8616,Agent,Visitor,inheritance
873,878,Visiting_scenario_departing,Visit_host_departure,8553,8628,Source,Host,inheritance
873,878,Visiting_scenario_departing,Visit_host_departure,8560,8624,Distance,Distance,inheritance
873,878,Visiting_scenario_departing,Visit_host_departure,8555,8619,Goal,Goal,inheritance
873,878,Visiting_scenario_departing,Visit_host_departure,8556,8620,Manner,Manner,inheritance
873,878,Visiting_scenario_departing,Visit_host_departure,8557,8621,Means,Means,inheritance
873,878,Visiting_scenario_departing,Visit_host_departure,8559,8623,Mode_of_transportation,Mode_of_transportation,inheritance
873,878,Visiting_scenario_departing,Visit_host_departure,8554,8618,Path,Path,inheritance
873,878,Visiting_scenario_departing,Visit_host_departure,8562,8626,Place,Place,inheritance
873,878,Visiting_scenario_departing,Visit_host_departure,8563,8627,Purpose,Purpose,inheritance
873,878,Visiting_scenario_departing,Visit_host_departure,8558,8622,Speed,Speed,inheritance
873,878,Visiting_scenario_departing,Visit_host_departure,8561,8625,Time,Time,inheritance
874,851,Visiting_scenario_stay,Visiting,8564,8386,Agent,Agent,inheritance
874,851,Visiting_scenario_stay,Visiting,8565,8387,Entity,Entity,inheritance
874,851,Visiting_scenario_stay,Visiting,8570,8392,Duration,Duration,inheritance
874,851,Visiting_scenario_stay,Visiting,8571,8393,Manner,Manner,inheritance
874,851,Visiting_scenario_stay,Visiting,8573,8395,Means,Means,inheritance
874,851,Visiting_scenario_stay,Visiting,8572,8394,Place,Place,inheritance
874,851,Visiting_scenario_stay,Visiting,8567,8389,Purpose,Purpose,inheritance
874,851,Visiting_scenario_stay,Visiting,8569,8391,Time,Time,inheritance
874,851,Visiting_scenario_stay,Visiting,8566,8388,Dependent_state,Dependent_state,inheritance
874,851,Visiting_scenario_stay,Visiting,8575,8397,Frequency,Frequency,inheritance
874,851,Visiting_scenario_stay,Visiting,8574,8396,Iterations,Iterations,inheritance
874,851,Visiting_scenario_stay,Visiting,8568,8390,Normal_location,Normal_location,inheritance
874,873,Visiting_scenario_stay,Visiting_scenario_departing,8564,8552,Agent,Agent,precedes
874,873,Visiting_scenario_stay,Visiting_scenario_departing,8571,8556,Manner,Manner,precedes
874,873,Visiting_scenario_stay,Visiting_scenario_departing,8573,8557,Means,Means,precedes
874,873,Visiting_scenario_stay,Visiting_scenario_departing,8572,8562,Place,Place,precedes
874,873,Visiting_scenario_stay,Visiting_scenario_departing,8567,8563,Purpose,Purpose,precedes
874,873,Visiting_scenario_stay,Visiting_scenario_departing,8569,8561,Time,Time,precedes
874,877,Visiting_scenario_stay,Visit_host_stay,8564,8603,Agent,Visitor,inheritance
874,877,Visiting_scenario_stay,Visit_host_stay,8565,8604,Entity,Host,inheritance
874,877,Visiting_scenario_stay,Visit_host_stay,8570,8609,Duration,Duration,inheritance
874,877,Visiting_scenario_stay,Visit_host_stay,8571,8610,Manner,Manner,inheritance
874,877,Visiting_scenario_stay,Visit_host_stay,8573,8612,Means,Means,inheritance
874,877,Visiting_scenario_stay,Visit_host_stay,8572,8611,Place,Place,inheritance
874,877,Visiting_scenario_stay,Visit_host_stay,8567,8606,Purpose,Purpose,inheritance
874,877,Visiting_scenario_stay,Visit_host_stay,8569,8608,Time,Time,inheritance
874,877,Visiting_scenario_stay,Visit_host_stay,8566,8605,Dependent_state,Dependent_state,inheritance
874,877,Visiting_scenario_stay,Visit_host_stay,8575,8614,Frequency,Frequency,inheritance
874,877,Visiting_scenario_stay,Visit_host_stay,8574,8613,Iterations,Iterations,inheritance
874,877,Visiting_scenario_stay,Visit_host_stay,8568,8607,Normal_location,Normal_location,inheritance
879,880,Receive_visitor_scenario,Have_visitor_over,8629,8632,Host,Host,subframe
879,880,Receive_visitor_scenario,Have_visitor_over,8630,8633,Visitor,Visitor,subframe
879,880,Receive_visitor_scenario,Have_visitor_over,8631,8634,Purpose,Purpose,subframe
1131,1132,Product_development_scenario,Product_development,10748,10755,Developer,Developer,subframe
1131,1132,Product_development_scenario,Product_development,10752,10757,Company,Company,subframe
1131,1132,Product_development_scenario,Product_development,10751,10758,Place,Place,subframe
1131,1132,Product_development_scenario,Product_development,10750,10759,Time,Time,subframe
1131,372,Product_development_scenario,Achieving_first,10751,3832,Place,Place,subframe
1131,372,Product_development_scenario,Achieving_first,10753,3834,Purpose,Purpose,subframe
1131,372,Product_development_scenario,Achieving_first,10750,3831,Time,Time,subframe
1131,372,Product_development_scenario,Achieving_first,10754,3835,Explanation,Explanation,subframe
1131,377,Product_development_scenario,Manufacturing,10751,3871,Place,Place,subframe
1131,377,Product_development_scenario,Manufacturing,10753,3879,Purpose,Purpose,subframe
1131,377,Product_development_scenario,Manufacturing,10750,3872,Time,Time,subframe
1167,1166,Fire_stopping_scenario,Putting_out_fire,11021,11011,Agent,Agent,subframe
1167,1166,Fire_stopping_scenario,Putting_out_fire,11022,11012,Fire,Fire,subframe
1167,1166,Fire_stopping_scenario,Putting_out_fire,11023,11015,Degree,Degree,subframe
1167,1166,Fire_stopping_scenario,Putting_out_fire,11019,11009,Place,Place,subframe
1167,1166,Fire_stopping_scenario,Putting_out_fire,11020,11010,Time,Time,subframe
1168,1169,Fire_end_scenario,Fire_going_out,11026,11033,Fire,Fire,subframe
1168,1169,Fire_end_scenario,Fire_going_out,11027,11034,Degree,Degree,subframe
1168,1169,Fire_end_scenario,Fire_going_out,11024,11031,Place,Place,subframe
1168,1169,Fire_end_scenario,Fire_going_out,11025,11032,Time,Time,subframe
1178,1177,Fire_emergency_scenario,Firefighting,11109,11101,Fire,Fire,subframe
1178,1177,Fire_emergency_scenario,Firefighting,11112,11102,Responder,Firefighter,subframe
1178,1179,Fire_emergency_scenario,Emergency_fire,11109,11116,Fire,Fire,subframe
1178,1179,Fire_emergency_scenario,Emergency_fire,11111,11120,Place,Place,subframe
1178,1179,Fire_emergency_scenario,Emergency_fire,11114,11121,Time,Time,subframe
1437,18,Awareness_change_scenario,Coming_to_believe,13175,228,Experiencer,Cognizer,perspective_on
1437,18,Awareness_change_scenario,Coming_to_believe,13174,230,Phenomenon,Content,perspective_on
1437,18,Awareness_change_scenario,Coming_to_believe,13179,238,Place,Place,perspective_on
1437,18,Awareness_change_scenario,Coming_to_believe,13178,236,Time,Time,perspective_on
1437,1036,Awareness_change_scenario,Enter_awareness,13175,9914,Experiencer,Experiencer,perspective_on
1437,1036,Awareness_change_scenario,Enter_awareness,13174,9913,Phenomenon,Phenomenon,perspective_on
1437,1036,Awareness_change_scenario,Enter_awareness,13176,9916,Circumstances,Circumstances,perspective_on
1437,1036,Awareness_change_scenario,Enter_awareness,13177,9918,Frequency,Frequency,perspective_on
1437,1036,Awareness_change_scenario,Enter_awareness,13179,13192,Place,Place,perspective_on
1437,1036,Awareness_change_scenario,Enter_awareness,13178,13193,Time,Time,perspective_on
1437,1036,Awareness_change_scenario,Enter_awareness,13180,13191,Explanation,Explanation,perspective_on
1225,1226,Tourism_scenario_stay,Tourism_scenario_departure,11450,11467,Attraction,Destination,precedes
1225,1226,Tourism_scenario_stay,Tourism_scenario_departure,11451,11470,Place,Place,precedes
1225,1226,Tourism_scenario_stay,Tourism_scenario_departure,11452,11466,Tourist,Tourist,precedes
1225,1226,Tourism_scenario_stay,Tourism_scenario_departure,11456,11471,Manner,Manner,precedes
1225,1226,Tourism_scenario_stay,Tourism_scenario_departure,11457,11472,Means,Means,precedes
1225,1226,Tourism_scenario_stay,Tourism_scenario_departure,11458,11464,Means_of_transportation,Means_of_transportation,precedes
1225,1226,Tourism_scenario_stay,Tourism_scenario_departure,11459,11465,Origin,Origin,precedes
1225,1226,Tourism_scenario_stay,Tourism_scenario_departure,11455,11469,Purpose,Purpose,precedes
1225,1226,Tourism_scenario_stay,Tourism_scenario_departure,11460,11473,Time,Time,precedes
1225,1226,Tourism_scenario_stay,Tourism_scenario_departure,11461,11476,Accompanying_party,Accompanying_party,precedes
1225,1226,Tourism_scenario_stay,Tourism_scenario_departure,11462,11477,Frequency,Frequency,precedes
1225,1229,Tourism_scenario_stay,Event_tourism,11450,11505,Attraction,Attraction,subframe
1225,1229,Tourism_scenario_stay,Event_tourism,11451,11506,Place,Place,subframe
1225,1229,Tourism_scenario_stay,Event_tourism,11452,11503,Tourist,Tourist,subframe
1225,1229,Tourism_scenario_stay,Event_tourism,11453,11504,Depictive,Event,subframe
1225,1229,Tourism_scenario_stay,Event_tourism,11454,11513,Duration,Duration,subframe
1225,1229,Tourism_scenario_stay,Event_tourism,11456,11507,Manner,Manner,subframe
1225,1229,Tourism_scenario_stay,Event_tourism,11455,11509,Purpose,Purpose,subframe
1225,1229,Tourism_scenario_stay,Event_tourism,11460,11508,Time,Time,subframe
1225,1229,Tourism_scenario_stay,Event_tourism,11461,11512,Accompanying_party,Accompanying_party,subframe
1225,1229,Tourism_scenario_stay,Event_tourism,11462,11511,Frequency,Frequency,subframe
1225,1229,Tourism_scenario_stay,Event_tourism,11463,11510,Reason,Reason,subframe
1225,1240,Tourism_scenario_stay,Attraction_tourism,,,,,
1225,1259,Tourism_scenario_stay,Tourist_activities,11450,11745,Attraction,Activity,subframe
1225,1259,Tourism_scenario_stay,Tourist_activities,11451,11746,Place,Place,subframe
1225,1259,Tourism_scenario_stay,Tourist_activities,11452,11744,Tourist,Tourist,subframe
1225,1259,Tourism_scenario_stay,Tourist_activities,11453,11757,Depictive,Description,subframe
1225,1259,Tourism_scenario_stay,Tourist_activities,11454,11750,Duration,Duration,subframe
1225,1259,Tourism_scenario_stay,Tourist_activities,11456,11755,Manner,Manner,subframe
1225,1259,Tourism_scenario_stay,Tourist_activities,11457,11753,Means,Means,subframe
1225,1259,Tourism_scenario_stay,Tourist_activities,11458,11756,Means_of_transportation,Means_of_transportation,subframe
1225,1259,Tourism_scenario_stay,Tourist_activities,11459,11754,Origin,Source,subframe
1225,1259,Tourism_scenario_stay,Tourist_activities,11455,11748,Purpose,Purpose,subframe
1225,1259,Tourism_scenario_stay,Tourist_activities,11460,11751,Time,Time,subframe
1225,1259,Tourism_scenario_stay,Tourist_activities,11461,11747,Accompanying_party,Accompanying_party,subframe
1225,1259,Tourism_scenario_stay,Tourist_activities,11462,11752,Frequency,Frequency,subframe
1225,1259,Tourism_scenario_stay,Tourist_activities,11463,11749,Reason,Reason,subframe
1225,835,Tourism_scenario_stay,Temporary_stay,11450,8196,Attraction,Location,subframe
1225,835,Tourism_scenario_stay,Temporary_stay,11451,8196,Place,Location,subframe
1225,835,Tourism_scenario_stay,Temporary_stay,11452,8195,Tourist,Guest,subframe
1225,835,Tourism_scenario_stay,Temporary_stay,11453,8206,Depictive,Descriptor,subframe
1225,835,Tourism_scenario_stay,Temporary_stay,11454,8197,Duration,Duration,subframe
1225,835,Tourism_scenario_stay,Temporary_stay,11456,8203,Manner,Manner,subframe
1225,835,Tourism_scenario_stay,Temporary_stay,11457,8202,Means,Means,subframe
1225,835,Tourism_scenario_stay,Temporary_stay,11455,8201,Purpose,Purpose,subframe
1225,835,Tourism_scenario_stay,Temporary_stay,11460,8199,Time,Time,subframe
1225,835,Tourism_scenario_stay,Temporary_stay,11461,8198,Accompanying_party,Co-participant,subframe
1225,835,Tourism_scenario_stay,Temporary_stay,11462,8204,Frequency,Frequency,subframe
1225,835,Tourism_scenario_stay,Temporary_stay,11450,8196,Attraction,Location,subframe
1225,835,Tourism_scenario_stay,Temporary_stay,11451,8196,Place,Location,subframe
1225,835,Tourism_scenario_stay,Temporary_stay,11452,8195,Tourist,Guest,subframe
1225,835,Tourism_scenario_stay,Temporary_stay,11453,8206,Depictive,Descriptor,subframe
1225,835,Tourism_scenario_stay,Temporary_stay,11454,8197,Duration,Duration,subframe
1225,835,Tourism_scenario_stay,Temporary_stay,11456,8203,Manner,Manner,subframe
1225,835,Tourism_scenario_stay,Temporary_stay,11457,8202,Means,Means,subframe
1225,835,Tourism_scenario_stay,Temporary_stay,11455,8201,Purpose,Purpose,subframe
1225,835,Tourism_scenario_stay,Temporary_stay,11460,8199,Time,Time,subframe
1225,835,Tourism_scenario_stay,Temporary_stay,11461,8198,Accompanying_party,Co-participant,subframe
1225,835,Tourism_scenario_stay,Temporary_stay,11462,8204,Frequency,Frequency,subframe
1225,1293,Tourism_scenario_stay,Go_places,11450,12044,Attraction,Area,subframe
1225,1293,Tourism_scenario_stay,Go_places,11451,12031,Place,Place,subframe
1225,1293,Tourism_scenario_stay,Go_places,11452,12030,Tourist,Tourist,subframe
1225,1293,Tourism_scenario_stay,Go_places,11453,12042,Depictive,Depictive,subframe
1225,1293,Tourism_scenario_stay,Go_places,11454,12035,Duration,Duration,subframe
1225,1293,Tourism_scenario_stay,Go_places,11456,12040,Manner,Manner,subframe
1225,1293,Tourism_scenario_stay,Go_places,11457,12038,Means,Means,subframe
1225,1293,Tourism_scenario_stay,Go_places,11458,12041,Means_of_transportation,Means_of_transportation,subframe
1225,1293,Tourism_scenario_stay,Go_places,11459,12039,Origin,Origin,subframe
1225,1293,Tourism_scenario_stay,Go_places,11455,12033,Purpose,Purpose,subframe
1225,1293,Tourism_scenario_stay,Go_places,11460,12036,Time,Time,subframe
1225,1293,Tourism_scenario_stay,Go_places,11461,12032,Accompanying_party,Accompanying_party,subframe
1225,1293,Tourism_scenario_stay,Go_places,11462,12037,Frequency,Frequency,subframe
1225,1293,Tourism_scenario_stay,Go_places,11463,12034,Reason,Reason,subframe
1225,1176,Tourism_scenario_stay,Emergency,,,,,
1226,1278,Tourism_scenario_departure,Tourist_departure_locality,11464,11949,Means_of_transportation,Means_of_transportation,subframe
1226,1278,Tourism_scenario_departure,Tourist_departure_locality,11465,11943,Origin,Source,subframe
1226,1278,Tourism_scenario_departure,Tourist_departure_locality,11466,11942,Tourist,Tourist,subframe
1226,1278,Tourism_scenario_departure,Tourist_departure_locality,11467,11945,Destination,Destination,subframe
1226,1278,Tourism_scenario_departure,Tourist_departure_locality,11468,11950,Distance,Distance,subframe
1226,1278,Tourism_scenario_departure,Tourist_departure_locality,11471,11946,Manner,Manner,subframe
1226,1278,Tourism_scenario_departure,Tourist_departure_locality,11472,11947,Means,Means,subframe
1226,1278,Tourism_scenario_departure,Tourist_departure_locality,11470,11952,Place,Place,subframe
1226,1278,Tourism_scenario_departure,Tourist_departure_locality,11469,11953,Purpose,Purpose,subframe
1226,1278,Tourism_scenario_departure,Tourist_departure_locality,11475,11948,Speed,Speed,subframe
1226,1278,Tourism_scenario_departure,Tourist_departure_locality,11473,11951,Time,Time,subframe
1226,1278,Tourism_scenario_departure,Tourist_departure_locality,11474,11944,Trajectory,Trajectory,subframe
1226,1278,Tourism_scenario_departure,Tourist_departure_locality,11476,11954,Accompanying_party,Accompanying_party,subframe
1226,1424,Tourism_scenario_departure,Tourist_departure_lodging,,,,,
1227,577,Tourism_scenario_preparation,Exchange_currency,11479,5676,Tourist,Money_owner,subframe
1227,577,Tourism_scenario_preparation,Exchange_currency,11484,5684,Manner,Manner,subframe
1227,577,Tourism_scenario_preparation,Exchange_currency,11485,5686,Means,Means,subframe
1227,577,Tourism_scenario_preparation,Exchange_currency,11486,5678,Origin,Source_currency,subframe
1227,577,Tourism_scenario_preparation,Exchange_currency,11483,5682,Place,Place,subframe
1227,577,Tourism_scenario_preparation,Exchange_currency,11482,5687,Purpose,Purpose,subframe
1227,577,Tourism_scenario_preparation,Exchange_currency,11487,5683,Time,Time,subframe
1227,1210,Tourism_scenario_preparation,Tourist_service_buy,11479,11340,Tourist,Tourist,subframe
1227,1210,Tourism_scenario_preparation,Tourist_service_buy,11478,11341,Touristic_Activity,Tourist_service,subframe
1227,1210,Tourism_scenario_preparation,Tourist_service_buy,11484,1758,Manner,Manner,subframe
1227,1210,Tourism_scenario_preparation,Tourist_service_buy,11485,1749,Means,Means,subframe
1227,1210,Tourism_scenario_preparation,Tourist_service_buy,11483,1754,Place,Place,subframe
1227,1210,Tourism_scenario_preparation,Tourist_service_buy,11482,1755,Purpose,Purpose,subframe
1227,1210,Tourism_scenario_preparation,Tourist_service_buy,11487,1757,Time,Time,subframe
1227,1210,Tourism_scenario_preparation,Tourist_service_buy,11489,11360,Reason,Reason,subframe
1227,1254,Tourism_scenario_preparation,Planning_by_tourist,11479,11676,Tourist,Tourist,subframe
1227,1254,Tourism_scenario_preparation,Planning_by_tourist,11478,11677,Touristic_Activity,Touristic_activity,subframe
1227,1254,Tourism_scenario_preparation,Planning_by_tourist,11480,11679,Destination,Destination,subframe
1227,1254,Tourism_scenario_preparation,Planning_by_tourist,11481,11687,Duration,Duration,subframe
1227,1254,Tourism_scenario_preparation,Planning_by_tourist,11484,11685,Manner,Manner,subframe
1227,1254,Tourism_scenario_preparation,Planning_by_tourist,11485,11684,Means,Means,subframe
1227,1254,Tourism_scenario_preparation,Planning_by_tourist,11486,11681,Origin,Source,subframe
1227,1254,Tourism_scenario_preparation,Planning_by_tourist,11483,11678,Place,Place,subframe
1227,1254,Tourism_scenario_preparation,Planning_by_tourist,11482,11680,Purpose,Purpose,subframe
1227,1254,Tourism_scenario_preparation,Planning_by_tourist,11487,11686,Time,Time,subframe
1227,1254,Tourism_scenario_preparation,Planning_by_tourist,11488,11683,Accompanying_party,Accompanying_party,subframe
1227,1254,Tourism_scenario_preparation,Planning_by_tourist,11489,11682,Reason,Reason,subframe
1227,1263,Tourism_scenario_preparation,Tourist_service_reserve,11479,11769,Tourist,Tourist,subframe
1227,1263,Tourism_scenario_preparation,Tourist_service_reserve,11478,11770,Touristic_Activity,Tourist_service,subframe
1227,1263,Tourism_scenario_preparation,Tourist_service_reserve,11480,11772,Destination,Destination,subframe
1227,1263,Tourism_scenario_preparation,Tourist_service_reserve,11481,11780,Duration,Duration,subframe
1227,1263,Tourism_scenario_preparation,Tourist_service_reserve,11484,11778,Manner,Manner,subframe
1227,1263,Tourism_scenario_preparation,Tourist_service_reserve,11485,11777,Means,Means,subframe
1227,1263,Tourism_scenario_preparation,Tourist_service_reserve,11486,11774,Origin,Source,subframe
1227,1263,Tourism_scenario_preparation,Tourist_service_reserve,11483,11771,Place,Place,subframe
1227,1263,Tourism_scenario_preparation,Tourist_service_reserve,11482,11773,Purpose,Purpose,subframe
1227,1263,Tourism_scenario_preparation,Tourist_service_reserve,11487,11779,Time,Time,subframe
1227,1263,Tourism_scenario_preparation,Tourist_service_reserve,11488,11776,Accompanying_party,Accompanying_party,subframe
1227,1263,Tourism_scenario_preparation,Tourist_service_reserve,11489,11775,Reason,Reason,subframe
1227,1275,Tourism_scenario_preparation,Get_document,11479,11904,Tourist,Tourist,subframe
1227,1275,Tourism_scenario_preparation,Get_document,11480,11907,Destination,Destination,subframe
1227,1275,Tourism_scenario_preparation,Get_document,11481,11914,Duration,Duration,subframe
1227,1275,Tourism_scenario_preparation,Get_document,11484,11912,Manner,Manner,subframe
1227,1275,Tourism_scenario_preparation,Get_document,11485,11911,Means,Means,subframe
1227,1275,Tourism_scenario_preparation,Get_document,11483,11906,Place,Place,subframe
1227,1275,Tourism_scenario_preparation,Get_document,11482,11908,Purpose,Purpose,subframe
1227,1275,Tourism_scenario_preparation,Get_document,11487,11913,Time,Time,subframe
1227,1275,Tourism_scenario_preparation,Get_document,11488,11910,Accompanying_party,Accompanying_party,subframe
1227,1275,Tourism_scenario_preparation,Get_document,11489,11909,Reason,Reason,subframe
1228,315,Tourism_scenario,Travel,11493,3314,Place,Place,using
1228,315,Tourism_scenario,Travel,11501,3295,Duration,Duration,using
1228,315,Tourism_scenario,Travel,11499,3297,Manner,Manner,using
1228,315,Tourism_scenario,Travel,11498,3298,Means,Means,using
1228,315,Tourism_scenario,Travel,11494,3308,Purpose,Purpose,using
1228,315,Tourism_scenario,Travel,11500,3304,Time,Time,using
1228,315,Tourism_scenario,Travel,11497,11364,Accompanying_party,Accompanying_party,using
1228,315,Tourism_scenario,Travel,11496,11365,Reason,Reason,using
1228,1224,Tourism_scenario,Arrival,11492,11435,Attraction,Destination,subframe
1228,1224,Tourism_scenario,Arrival,11493,11441,Place,Place,subframe
1228,1224,Tourism_scenario,Arrival,11491,11437,Tourist,Tourist,subframe
1228,1224,Tourism_scenario,Arrival,11501,11439,Duration,Duration,subframe
1228,1224,Tourism_scenario,Arrival,11499,11442,Manner,Manner,subframe
1228,1224,Tourism_scenario,Arrival,11498,11443,Means,Means,subframe
1228,1224,Tourism_scenario,Arrival,11495,11444,Normal_location,Origin,subframe
1228,1224,Tourism_scenario,Arrival,11494,11440,Purpose,Purpose,subframe
1228,1224,Tourism_scenario,Arrival,11500,11445,Time,Time,subframe
1228,1224,Tourism_scenario,Arrival,11497,11448,Accompanying_party,Accompanying_party,subframe
1228,1224,Tourism_scenario,Arrival,11496,11449,Reason,Reason,subframe
1228,1225,Tourism_scenario,Tourism_scenario_stay,11492,11450,Attraction,Attraction,subframe
1228,1225,Tourism_scenario,Tourism_scenario_stay,11493,11451,Place,Place,subframe
1228,1225,Tourism_scenario,Tourism_scenario_stay,11491,11452,Tourist,Tourist,subframe
1228,1225,Tourism_scenario,Tourism_scenario_stay,11501,11454,Duration,Duration,subframe
1228,1225,Tourism_scenario,Tourism_scenario_stay,11499,11456,Manner,Manner,subframe
1228,1225,Tourism_scenario,Tourism_scenario_stay,11498,11457,Means,Means,subframe
1228,1225,Tourism_scenario,Tourism_scenario_stay,11495,11459,Normal_location,Origin,subframe
1228,1225,Tourism_scenario,Tourism_scenario_stay,11494,11455,Purpose,Purpose,subframe
1228,1225,Tourism_scenario,Tourism_scenario_stay,11500,11460,Time,Time,subframe
1228,1225,Tourism_scenario,Tourism_scenario_stay,11497,11461,Accompanying_party,Accompanying_party,subframe
1228,1225,Tourism_scenario,Tourism_scenario_stay,11496,11463,Reason,Reason,subframe
1228,1226,Tourism_scenario,Tourism_scenario_departure,11492,11465,Attraction,Origin,subframe
1228,1226,Tourism_scenario,Tourism_scenario_departure,11493,11470,Place,Place,subframe
1228,1226,Tourism_scenario,Tourism_scenario_departure,11491,11466,Tourist,Tourist,subframe
1228,1226,Tourism_scenario,Tourism_scenario_departure,11499,11471,Manner,Manner,subframe
1228,1226,Tourism_scenario,Tourism_scenario_departure,11498,11472,Means,Means,subframe
1228,1226,Tourism_scenario,Tourism_scenario_departure,11495,11467,Normal_location,Destination,subframe
1228,1226,Tourism_scenario,Tourism_scenario_departure,11494,11469,Purpose,Purpose,subframe
1228,1226,Tourism_scenario,Tourism_scenario_departure,11500,11473,Time,Time,subframe
1228,1226,Tourism_scenario,Tourism_scenario_departure,11497,11476,Accompanying_party,Accompanying_party,subframe
1228,1227,Tourism_scenario,Tourism_scenario_preparation,11492,11480,Attraction,Destination,subframe
1228,1227,Tourism_scenario,Tourism_scenario_preparation,11493,11483,Place,Place,subframe
1228,1227,Tourism_scenario,Tourism_scenario_preparation,11491,11479,Tourist,Tourist,subframe
1228,1227,Tourism_scenario,Tourism_scenario_preparation,11501,11481,Duration,Duration,subframe
1228,1227,Tourism_scenario,Tourism_scenario_preparation,11499,11484,Manner,Manner,subframe
1228,1227,Tourism_scenario,Tourism_scenario_preparation,11498,11485,Means,Means,subframe
1228,1227,Tourism_scenario,Tourism_scenario_preparation,11495,11486,Normal_location,Origin,subframe
1228,1227,Tourism_scenario,Tourism_scenario_preparation,11494,11482,Purpose,Purpose,subframe
1228,1227,Tourism_scenario,Tourism_scenario_preparation,11500,11487,Time,Time,subframe
1228,1227,Tourism_scenario,Tourism_scenario_preparation,11502,11478,Type,Touristic_Activity,subframe
1228,1227,Tourism_scenario,Tourism_scenario_preparation,11497,11488,Accompanying_party,Accompanying_party,subframe
1228,1227,Tourism_scenario,Tourism_scenario_preparation,11496,11489,Reason,Reason,subframe
1228,656,Tourism_scenario,Infrastructure,,,,,
1228,849,Tourism_scenario,Touring,,,,,
391,699,Import_export_scenario,Exporting,4034,6828,Agent,Exporter,perspective_on
391,699,Import_export_scenario,Exporting,4045,6839,Exporting_area,Exporting_area,perspective_on
391,699,Import_export_scenario,Exporting,4038,6832,Goods,Goods,perspective_on
391,699,Import_export_scenario,Exporting,4043,6837,Importing_area,Importing_area,perspective_on
391,699,Import_export_scenario,Exporting,4036,6830,Manner,Manner,perspective_on
391,699,Import_export_scenario,Exporting,4037,6831,Means,Means,perspective_on
391,699,Import_export_scenario,Exporting,4044,6838,Path,Path,perspective_on
391,699,Import_export_scenario,Exporting,4041,6835,Time,Time,perspective_on
391,699,Import_export_scenario,Exporting,4035,6829,Vehicle,Vehicle,perspective_on
391,699,Import_export_scenario,Exporting,4042,6836,Depictive,Depictive,perspective_on
391,699,Import_export_scenario,Exporting,4039,6833,Purpose,Purpose,perspective_on
391,698,Import_export_scenario,Importing,4034,6812,Agent,Importer,perspective_on
391,698,Import_export_scenario,Importing,4045,6823,Exporting_area,Exporting_area,perspective_on
391,698,Import_export_scenario,Importing,4038,6816,Goods,Goods,perspective_on
391,698,Import_export_scenario,Importing,4043,6821,Importing_area,Importing_area,perspective_on
391,698,Import_export_scenario,Importing,4036,6814,Manner,Manner,perspective_on
391,698,Import_export_scenario,Importing,4037,6815,Means,Means,perspective_on
391,698,Import_export_scenario,Importing,4044,6822,Path,Path,perspective_on
391,698,Import_export_scenario,Importing,4041,6819,Time,Time,perspective_on
391,698,Import_export_scenario,Importing,4035,6813,Vehicle,Vehicle,perspective_on
391,698,Import_export_scenario,Importing,4042,6820,Depictive,Depictive,perspective_on
391,698,Import_export_scenario,Importing,4040,6818,Explanation,Explanation,perspective_on
391,698,Import_export_scenario,Importing,4039,6817,Purpose,Purpose,perspective_on
76,337,Commerce_scenario,Businesses,973,3544,Goods,Product,using
76,337,Commerce_scenario,Businesses,971,3550,Seller,Service_provider,using
76,77,Commerce_scenario,Expensiveness,970,980,Buyer,Payer,using
76,77,Commerce_scenario,Expensiveness,973,979,Goods,Goods,using
76,77,Commerce_scenario,Expensiveness,972,981,Money,Asset,using
76,77,Commerce_scenario,Expensiveness,974,986,Rate,Rate,using
76,159,Commerce_scenario,Commercial_transaction,970,1807,Buyer,Buyer,subframe
76,159,Commerce_scenario,Commercial_transaction,973,1808,Goods,Goods,subframe
76,159,Commerce_scenario,Commercial_transaction,971,1812,Seller,Seller,subframe
76,706,Commerce_scenario,Having_commercial_agreement,970,6903,Buyer,Party_1,subframe
76,706,Commerce_scenario,Having_commercial_agreement,971,6904,Seller,Party_2,subframe
76,577,Commerce_scenario,Exchange_currency,970,5676,Buyer,Money_owner,using
76,577,Commerce_scenario,Exchange_currency,973,5679,Goods,Sum_2,using
76,577,Commerce_scenario,Exchange_currency,972,5677,Money,Sum_1,using
76,577,Commerce_scenario,Exchange_currency,971,5680,Seller,Exchange_service,using
76,577,Commerce_scenario,Exchange_currency,977,5684,Manner,Manner,using
76,577,Commerce_scenario,Exchange_currency,976,5686,Means,Means,using
76,577,Commerce_scenario,Exchange_currency,978,5687,Purpose,Purpose,using
76,577,Commerce_scenario,Exchange_currency,974,5685,Rate,Exchange_rate,using
